,0,1,2,3,4,5,6,7,8,Labels
0,114.0,120.0,125.0,113.0,119.0,124.0,105.0,111.0,116.0,Abnormal
1,106.0,117.0,122.0,105.0,116.0,121.0,97.0,106.0,111.0,Abnormal
2,109.0,116.0,121.0,108.0,115.0,120.0,97.0,104.0,108.0,Abnormal
3,109.0,116.0,122.0,107.0,115.0,120.0,96.0,104.0,109.0,Abnormal
4,99.0,126.0,131.0,96.0,124.0,129.0,85.0,111.0,116.0,Abnormal
5,119.0,126.0,132.0,116.0,124.0,129.0,108.0,115.0,121.0,Abnormal
6,115.0,123.0,130.0,113.0,121.0,128.0,101.0,109.0,116.0,Abnormal
7,99.0,106.0,112.0,97.0,104.0,109.0,92.0,98.0,104.0,Abnormal
8,123.0,128.0,133.0,121.0,127.0,132.0,110.0,115.0,120.0,Abnormal
9,158.0,166.0,178.0,150.0,158.0,170.0,139.0,146.0,159.0,Abnormal
10,192.0,203.0,213.0,183.0,194.0,204.0,171.0,182.0,192.0,Abnormal
11,166.0,179.0,188.0,162.0,175.0,183.0,147.0,160.0,169.0,Abnormal
12,159.0,170.0,179.0,157.0,168.0,177.0,144.0,156.0,165.0,Abnormal
13,154.0,162.0,169.0,149.0,157.0,163.0,137.0,145.0,151.0,Abnormal
14,169.0,176.0,184.0,165.0,172.0,179.0,155.0,163.0,169.0,Abnormal
15,141.0,144.0,147.0,133.0,136.0,139.0,134.0,137.0,140.0,Abnormal
16,132.0,136.0,139.0,131.0,135.0,138.0,131.0,135.0,138.0,Abnormal
17,144.0,159.0,167.0,133.0,149.0,157.0,121.0,137.0,145.0,Abnormal
18,157.0,165.0,172.0,144.0,152.0,159.0,131.0,139.0,147.0,Abnormal
19,186.0,209.0,219.0,181.0,201.0,210.0,172.0,190.0,198.0,Abnormal
20,171.0,180.0,196.0,165.0,174.0,188.0,154.0,163.0,176.0,Abnormal
21,165.0,172.0,179.0,156.0,164.0,170.0,139.0,147.0,153.0,Abnormal
22,163.0,173.0,180.0,155.0,166.0,173.0,139.0,150.0,157.0,Abnormal
23,119.0,128.0,136.0,117.0,126.0,133.0,112.0,119.0,126.0,Abnormal
24,144.0,150.0,154.0,134.0,140.0,144.0,124.0,129.0,134.0,Abnormal
25,197.0,206.0,213.0,188.0,197.0,204.0,179.0,188.0,196.0,Abnormal
26,181.0,190.0,197.0,175.0,183.0,190.0,166.0,174.0,181.0,Abnormal
27,174.0,182.0,189.0,169.0,177.0,184.0,161.0,169.0,176.0,Abnormal
28,180.0,185.0,190.0,179.0,184.0,189.0,178.0,183.0,187.0,Abnormal
29,207.0,212.0,218.0,201.0,208.0,214.0,197.0,203.0,209.0,Abnormal
30,219.0,223.0,226.0,210.0,214.0,217.0,200.0,205.0,208.0,Abnormal
31,163.0,172.0,182.0,160.0,169.0,179.0,150.0,160.0,170.0,Abnormal
32,167.0,177.0,184.0,163.0,173.0,181.0,155.0,167.0,175.0,Abnormal
33,210.0,220.0,226.0,200.0,211.0,218.0,189.0,201.0,207.0,Abnormal
34,173.0,193.0,202.0,168.0,188.0,198.0,159.0,179.0,189.0,Abnormal
35,175.0,181.0,186.0,172.0,178.0,183.0,167.0,174.0,179.0,Abnormal
36,165.0,169.0,173.0,162.0,166.0,170.0,157.0,161.0,165.0,Abnormal
37,163.0,167.0,171.0,160.0,164.0,168.0,155.0,159.0,163.0,Abnormal
38,159.0,165.0,172.0,154.0,160.0,166.0,146.0,152.0,158.0,Abnormal
39,156.0,163.0,170.0,156.0,162.0,168.0,151.0,157.0,163.0,Abnormal
40,137.0,155.0,169.0,133.0,152.0,166.0,119.0,140.0,155.0,Abnormal
41,125.0,143.0,162.0,123.0,141.0,160.0,117.0,135.0,153.0,Abnormal
42,167.0,184.0,197.0,162.0,178.0,191.0,151.0,167.0,180.0,Abnormal
43,167.0,183.0,195.0,160.0,176.0,189.0,148.0,165.0,177.0,Abnormal
44,205.0,215.0,221.0,198.0,208.0,214.0,187.0,198.0,204.0,Abnormal
45,164.0,179.0,191.0,160.0,175.0,187.0,150.0,165.0,177.0,Abnormal
46,166.0,183.0,199.0,158.0,175.0,191.0,146.0,163.0,180.0,Abnormal
47,193.0,196.0,199.0,189.0,192.0,195.0,179.0,182.0,185.0,Abnormal
48,168.0,181.0,189.0,163.0,176.0,185.0,155.0,169.0,179.0,Abnormal
49,166.0,189.0,198.0,159.0,182.0,191.0,146.0,169.0,178.0,Abnormal
50,195.0,200.0,204.0,184.0,190.0,193.0,170.0,175.0,178.0,Abnormal
51,197.0,206.0,211.0,187.0,195.0,200.0,173.0,182.0,187.0,Abnormal
52,155.0,163.0,169.0,148.0,156.0,161.0,138.0,145.0,151.0,Abnormal
53,190.0,199.0,205.0,180.0,189.0,195.0,166.0,176.0,182.0,Abnormal
54,176.0,185.0,192.0,166.0,175.0,182.0,152.0,161.0,167.0,Abnormal
55,190.0,194.0,200.0,187.0,191.0,196.0,181.0,185.0,190.0,Abnormal
56,157.0,164.0,170.0,156.0,162.0,169.0,139.0,146.0,153.0,Abnormal
57,181.0,193.0,199.0,173.0,184.0,190.0,159.0,169.0,175.0,Abnormal
58,159.0,166.0,172.0,156.0,163.0,168.0,140.0,147.0,153.0,Abnormal
59,220.0,224.0,227.0,208.0,212.0,215.0,192.0,196.0,199.0,Abnormal
60,181.0,188.0,196.0,170.0,177.0,184.0,153.0,161.0,167.0,Abnormal
61,173.0,180.0,186.0,166.0,172.0,178.0,154.0,161.0,167.0,Abnormal
62,166.0,175.0,183.0,162.0,171.0,180.0,152.0,161.0,172.0,Abnormal
63,178.0,184.0,190.0,174.0,181.0,185.0,166.0,171.0,176.0,Abnormal
64,164.0,173.0,181.0,153.0,162.0,170.0,137.0,146.0,153.0,Abnormal
65,183.0,190.0,196.0,177.0,184.0,189.0,166.0,173.0,178.0,Abnormal
66,158.0,168.0,175.0,153.0,162.0,169.0,138.0,147.0,154.0,Abnormal
67,171.0,179.0,184.0,168.0,175.0,180.0,154.0,161.0,166.0,Abnormal
68,185.0,191.0,196.0,180.0,187.0,191.0,165.0,172.0,177.0,Abnormal
69,167.0,174.0,182.0,157.0,164.0,171.0,144.0,151.0,158.0,Abnormal
70,168.0,174.0,180.0,158.0,164.0,170.0,147.0,153.0,158.0,Abnormal
71,180.0,187.0,193.0,171.0,178.0,184.0,157.0,164.0,170.0,Abnormal
72,185.0,192.0,197.0,179.0,185.0,190.0,166.0,172.0,176.0,Abnormal
73,169.0,179.0,189.0,164.0,174.0,183.0,155.0,164.0,174.0,Abnormal
74,150.0,160.0,166.0,141.0,151.0,157.0,126.0,136.0,142.0,Abnormal
75,167.0,188.0,200.0,158.0,180.0,191.0,145.0,168.0,179.0,Abnormal
76,176.0,191.0,202.0,165.0,181.0,191.0,154.0,170.0,180.0,Abnormal
77,161.0,185.0,205.0,150.0,174.0,194.0,137.0,162.0,182.0,Abnormal
78,168.0,182.0,192.0,159.0,173.0,182.0,146.0,160.0,169.0,Abnormal
79,183.0,196.0,203.0,176.0,188.0,195.0,163.0,175.0,182.0,Abnormal
80,161.0,172.0,179.0,153.0,163.0,171.0,139.0,150.0,157.0,Abnormal
81,164.0,173.0,180.0,156.0,165.0,172.0,143.0,152.0,159.0,Abnormal
82,196.0,204.0,210.0,189.0,197.0,203.0,174.0,182.0,188.0,Abnormal
83,173.0,179.0,185.0,163.0,170.0,176.0,148.0,155.0,161.0,Abnormal
84,180.0,189.0,195.0,174.0,182.0,188.0,164.0,172.0,178.0,Abnormal
85,155.0,168.0,179.0,149.0,162.0,173.0,140.0,153.0,164.0,Abnormal
86,144.0,159.0,170.0,135.0,150.0,161.0,125.0,140.0,151.0,Abnormal
87,197.0,204.0,211.0,194.0,202.0,208.0,184.0,191.0,197.0,Abnormal
88,128.0,137.0,145.0,125.0,134.0,141.0,117.0,126.0,134.0,Abnormal
89,204.0,212.0,217.0,199.0,208.0,213.0,192.0,201.0,206.0,Abnormal
90,156.0,164.0,171.0,153.0,162.0,168.0,143.0,151.0,158.0,Abnormal
91,139.0,149.0,156.0,133.0,141.0,149.0,127.0,134.0,141.0,Abnormal
92,174.0,185.0,191.0,169.0,178.0,184.0,156.0,166.0,172.0,Abnormal
93,207.0,216.0,221.0,204.0,214.0,218.0,194.0,203.0,208.0,Abnormal
94,171.0,190.0,196.0,167.0,186.0,191.0,159.0,176.0,181.0,Abnormal
95,173.0,184.0,192.0,165.0,177.0,184.0,155.0,167.0,174.0,Abnormal
96,176.0,188.0,197.0,166.0,179.0,187.0,152.0,165.0,174.0,Abnormal
97,156.0,182.0,188.0,148.0,173.0,179.0,135.0,161.0,167.0,Abnormal
98,136.0,180.0,188.0,129.0,171.0,179.0,118.0,159.0,167.0,Abnormal
99,143.0,154.0,162.0,141.0,152.0,159.0,134.0,144.0,152.0,Abnormal
100,182.0,190.0,195.0,179.0,187.0,192.0,169.0,177.0,182.0,Abnormal
101,194.0,201.0,207.0,190.0,198.0,203.0,179.0,186.0,192.0,Abnormal
102,189.0,195.0,201.0,185.0,191.0,196.0,173.0,179.0,184.0,Abnormal
103,177.0,185.0,190.0,173.0,181.0,186.0,162.0,171.0,176.0,Abnormal
104,166.0,172.0,177.0,162.0,167.0,172.0,151.0,157.0,162.0,Abnormal
105,166.0,171.0,176.0,161.0,167.0,172.0,150.0,156.0,162.0,Abnormal
106,193.0,201.0,206.0,186.0,195.0,200.0,175.0,183.0,189.0,Abnormal
107,157.0,167.0,174.0,154.0,164.0,171.0,145.0,156.0,163.0,Abnormal
108,156.0,167.0,173.0,151.0,163.0,170.0,142.0,155.0,162.0,Abnormal
109,187.0,194.0,201.0,184.0,191.0,197.0,176.0,183.0,189.0,Abnormal
110,164.0,173.0,179.0,155.0,164.0,171.0,136.0,145.0,152.0,Abnormal
111,175.0,183.0,190.0,168.0,177.0,184.0,156.0,165.0,173.0,Abnormal
112,155.0,163.0,169.0,154.0,162.0,167.0,150.0,158.0,164.0,Abnormal
113,172.0,180.0,186.0,169.0,177.0,183.0,160.0,168.0,175.0,Abnormal
114,175.0,185.0,190.0,172.0,183.0,188.0,170.0,181.0,187.0,Abnormal
115,150.0,160.0,171.0,150.0,160.0,170.0,145.0,155.0,165.0,Abnormal
116,155.0,159.0,162.0,157.0,161.0,164.0,156.0,161.0,164.0,Abnormal
117,152.0,157.0,162.0,153.0,157.0,162.0,148.0,152.0,157.0,Abnormal
118,174.0,187.0,194.0,170.0,183.0,190.0,161.0,173.0,179.0,Abnormal
119,175.0,182.0,188.0,171.0,177.0,183.0,159.0,165.0,172.0,Abnormal
120,189.0,194.0,199.0,184.0,189.0,193.0,175.0,180.0,184.0,Abnormal
121,167.0,171.0,175.0,157.0,162.0,166.0,150.0,154.0,159.0,Abnormal
122,221.0,224.0,226.0,221.0,224.0,227.0,215.0,218.0,221.0,Abnormal
123,184.0,190.0,195.0,180.0,186.0,192.0,173.0,179.0,184.0,Abnormal
124,159.0,176.0,191.0,155.0,171.0,183.0,144.0,158.0,168.0,Abnormal
125,164.0,175.0,185.0,162.0,172.0,179.0,150.0,160.0,167.0,Abnormal
126,166.0,172.0,179.0,161.0,167.0,173.0,149.0,155.0,161.0,Abnormal
127,130.0,177.0,187.0,125.0,172.0,182.0,116.0,163.0,173.0,Abnormal
128,140.0,174.0,184.0,137.0,169.0,179.0,127.0,158.0,168.0,Abnormal
129,186.0,195.0,200.0,181.0,189.0,194.0,171.0,179.0,184.0,Abnormal
130,154.0,162.0,169.0,151.0,160.0,167.0,146.0,155.0,162.0,Abnormal
131,137.0,142.0,146.0,137.0,142.0,147.0,138.0,143.0,147.0,Abnormal
132,154.0,159.0,162.0,144.0,149.0,154.0,146.0,151.0,155.0,Abnormal
133,148.0,153.0,155.0,149.0,154.0,157.0,150.0,155.0,158.0,Abnormal
134,142.0,145.0,148.0,139.0,142.0,144.0,140.0,143.0,145.0,Abnormal
135,110.0,120.0,127.0,105.0,116.0,124.0,92.0,101.0,110.0,Abnormal
136,106.0,117.0,123.0,105.0,116.0,121.0,96.0,106.0,111.0,Abnormal
137,93.0,118.0,135.0,94.0,116.0,132.0,87.0,105.0,120.0,Abnormal
138,100.0,116.0,130.0,97.0,114.0,127.0,86.0,102.0,115.0,Abnormal
139,109.0,127.0,142.0,108.0,127.0,140.0,97.0,115.0,127.0,Abnormal
140,115.0,124.0,131.0,111.0,121.0,127.0,106.0,116.0,122.0,Abnormal
141,113.0,120.0,125.0,112.0,119.0,124.0,100.0,107.0,112.0,Abnormal
142,134.0,141.0,146.0,128.0,134.0,139.0,120.0,127.0,132.0,Abnormal
143,100.0,108.0,114.0,98.0,105.0,111.0,92.0,99.0,104.0,Abnormal
144,118.0,128.0,137.0,113.0,124.0,132.0,104.0,114.0,121.0,Abnormal
145,191.0,201.0,209.0,179.0,189.0,197.0,161.0,171.0,178.0,Abnormal
146,160.0,171.0,180.0,155.0,166.0,175.0,141.0,153.0,161.0,Abnormal
147,133.0,143.0,152.0,131.0,141.0,150.0,124.0,134.0,144.0,Abnormal
148,180.0,192.0,200.0,171.0,182.0,190.0,160.0,171.0,179.0,Abnormal
149,174.0,186.0,194.0,172.0,184.0,191.0,164.0,176.0,183.0,Abnormal
150,166.0,177.0,187.0,161.0,173.0,182.0,152.0,163.0,172.0,Abnormal
151,157.0,169.0,177.0,152.0,164.0,172.0,139.0,151.0,158.0,Abnormal
152,147.0,160.0,171.0,140.0,152.0,162.0,130.0,142.0,153.0,Abnormal
153,195.0,202.0,209.0,185.0,192.0,199.0,175.0,182.0,189.0,Abnormal
154,160.0,170.0,177.0,153.0,162.0,168.0,140.0,148.0,154.0,Abnormal
155,176.0,183.0,189.0,169.0,176.0,182.0,152.0,159.0,165.0,Abnormal
156,178.0,185.0,191.0,170.0,178.0,183.0,153.0,160.0,166.0,Abnormal
157,192.0,202.0,209.0,183.0,192.0,199.0,168.0,178.0,185.0,Abnormal
158,170.0,178.0,184.0,160.0,168.0,174.0,145.0,153.0,159.0,Abnormal
159,170.0,180.0,186.0,165.0,174.0,181.0,151.0,161.0,167.0,Abnormal
160,190.0,195.0,199.0,181.0,186.0,189.0,168.0,172.0,175.0,Abnormal
161,175.0,185.0,192.0,162.0,171.0,178.0,146.0,155.0,162.0,Abnormal
162,197.0,207.0,213.0,187.0,196.0,202.0,175.0,184.0,191.0,Abnormal
163,156.0,166.0,173.0,154.0,163.0,170.0,141.0,150.0,157.0,Abnormal
164,190.0,196.0,200.0,182.0,188.0,192.0,166.0,172.0,176.0,Abnormal
165,107.0,115.0,122.0,106.0,114.0,121.0,94.0,101.0,108.0,Abnormal
166,138.0,145.0,151.0,134.0,140.0,146.0,122.0,129.0,134.0,Abnormal
167,175.0,181.0,186.0,169.0,175.0,181.0,159.0,165.0,171.0,Abnormal
168,157.0,164.0,170.0,155.0,162.0,168.0,149.0,156.0,163.0,Abnormal
169,209.0,215.0,220.0,204.0,210.0,216.0,200.0,206.0,211.0,Abnormal
170,173.0,180.0,187.0,173.0,180.0,187.0,174.0,181.0,189.0,Abnormal
171,186.0,192.0,197.0,180.0,186.0,191.0,172.0,178.0,183.0,Abnormal
172,165.0,171.0,176.0,161.0,167.0,172.0,151.0,156.0,161.0,Abnormal
173,186.0,192.0,196.0,181.0,187.0,191.0,170.0,176.0,180.0,Abnormal
174,172.0,179.0,185.0,159.0,166.0,172.0,138.0,145.0,150.0,Abnormal
175,180.0,189.0,196.0,177.0,185.0,193.0,166.0,175.0,183.0,Abnormal
176,198.0,206.0,214.0,189.0,197.0,205.0,178.0,187.0,195.0,Abnormal
177,160.0,168.0,174.0,156.0,164.0,170.0,149.0,158.0,164.0,Abnormal
178,165.0,197.0,201.0,161.0,192.0,196.0,153.0,186.0,191.0,Abnormal
179,197.0,204.0,209.0,189.0,196.0,201.0,178.0,184.0,189.0,Abnormal
180,173.0,185.0,192.0,166.0,180.0,187.0,153.0,170.0,178.0,Abnormal
181,163.0,177.0,187.0,157.0,172.0,182.0,145.0,161.0,170.0,Abnormal
182,199.0,207.0,218.0,189.0,197.0,208.0,178.0,186.0,196.0,Abnormal
183,183.0,189.0,194.0,178.0,184.0,188.0,172.0,178.0,182.0,Abnormal
184,131.0,178.0,192.0,122.0,173.0,188.0,107.0,167.0,181.0,Abnormal
185,143.0,161.0,174.0,137.0,157.0,168.0,127.0,147.0,158.0,Abnormal
186,166.0,183.0,195.0,160.0,177.0,189.0,148.0,165.0,177.0,Abnormal
187,157.0,173.0,185.0,152.0,168.0,181.0,141.0,157.0,170.0,Abnormal
188,155.0,172.0,187.0,150.0,167.0,181.0,142.0,159.0,174.0,Abnormal
189,225.0,230.0,234.0,215.0,220.0,224.0,205.0,211.0,217.0,Abnormal
190,171.0,178.0,183.0,167.0,173.0,178.0,153.0,158.0,163.0,Abnormal
191,176.0,185.0,192.0,174.0,183.0,189.0,168.0,177.0,183.0,Abnormal
192,145.0,152.0,159.0,142.0,149.0,156.0,135.0,142.0,149.0,Abnormal
193,146.0,159.0,167.0,138.0,150.0,159.0,127.0,139.0,148.0,Abnormal
194,118.0,148.0,162.0,115.0,144.0,156.0,110.0,137.0,149.0,Abnormal
195,184.0,192.0,197.0,176.0,184.0,190.0,159.0,168.0,173.0,Abnormal
196,181.0,188.0,194.0,172.0,179.0,185.0,156.0,163.0,168.0,Abnormal
197,153.0,168.0,181.0,148.0,163.0,176.0,136.0,150.0,163.0,Abnormal
198,153.0,163.0,170.0,150.0,159.0,166.0,143.0,152.0,159.0,Abnormal
199,152.0,162.0,169.0,150.0,159.0,166.0,142.0,151.0,158.0,Abnormal
200,161.0,168.0,174.0,159.0,165.0,172.0,153.0,159.0,165.0,Abnormal
201,174.0,191.0,200.0,168.0,184.0,191.0,157.0,173.0,180.0,Abnormal
202,154.0,161.0,166.0,146.0,153.0,158.0,134.0,141.0,146.0,Abnormal
203,210.0,216.0,221.0,198.0,204.0,209.0,184.0,189.0,194.0,Abnormal
204,188.0,194.0,198.0,176.0,181.0,186.0,160.0,166.0,170.0,Abnormal
205,176.0,183.0,188.0,172.0,179.0,184.0,164.0,170.0,175.0,Abnormal
206,161.0,171.0,182.0,158.0,167.0,178.0,148.0,158.0,169.0,Abnormal
207,149.0,159.0,167.0,149.0,159.0,166.0,145.0,155.0,162.0,Abnormal
208,162.0,170.0,177.0,151.0,159.0,166.0,134.0,143.0,149.0,Abnormal
209,181.0,192.0,198.0,172.0,182.0,188.0,158.0,168.0,174.0,Abnormal
210,195.0,201.0,205.0,187.0,193.0,197.0,172.0,179.0,183.0,Abnormal
211,177.0,190.0,200.0,167.0,180.0,190.0,154.0,167.0,177.0,Abnormal
212,134.0,147.0,157.0,131.0,144.0,154.0,122.0,133.0,143.0,Abnormal
213,158.0,169.0,177.0,153.0,163.0,170.0,141.0,150.0,158.0,Abnormal
214,168.0,174.0,179.0,159.0,165.0,170.0,147.0,152.0,158.0,Abnormal
215,189.0,194.0,199.0,180.0,184.0,189.0,169.0,174.0,179.0,Abnormal
216,198.0,209.0,215.0,189.0,201.0,208.0,178.0,191.0,198.0,Abnormal
217,171.0,186.0,194.0,161.0,176.0,184.0,150.0,165.0,173.0,Abnormal
218,136.0,158.0,171.0,131.0,152.0,165.0,121.0,143.0,155.0,Abnormal
219,178.0,188.0,195.0,172.0,181.0,188.0,163.0,171.0,178.0,Abnormal
220,141.0,150.0,157.0,133.0,142.0,149.0,125.0,133.0,140.0,Abnormal
221,174.0,185.0,191.0,170.0,178.0,184.0,156.0,166.0,172.0,Abnormal
222,194.0,198.0,202.0,196.0,200.0,204.0,187.0,191.0,195.0,Abnormal
223,175.0,187.0,193.0,172.0,184.0,190.0,165.0,176.0,182.0,Abnormal
224,195.0,206.0,212.0,191.0,201.0,207.0,180.0,190.0,196.0,Abnormal
225,186.0,190.0,194.0,182.0,187.0,190.0,174.0,179.0,183.0,Abnormal
226,135.0,190.0,205.0,127.0,186.0,200.0,117.0,176.0,190.0,Abnormal
227,185.0,193.0,198.0,183.0,191.0,196.0,178.0,187.0,192.0,Abnormal
228,165.0,177.0,184.0,162.0,173.0,180.0,155.0,165.0,172.0,Abnormal
229,168.0,182.0,190.0,159.0,173.0,181.0,146.0,160.0,169.0,Abnormal
230,162.0,180.0,190.0,153.0,171.0,181.0,141.0,159.0,169.0,Abnormal
231,136.0,181.0,189.0,129.0,172.0,181.0,118.0,159.0,168.0,Abnormal
232,177.0,189.0,197.0,168.0,179.0,187.0,154.0,167.0,175.0,Abnormal
233,204.0,214.0,218.0,198.0,208.0,213.0,188.0,197.0,201.0,Abnormal
234,154.0,163.0,169.0,147.0,154.0,160.0,136.0,143.0,148.0,Abnormal
235,198.0,203.0,208.0,191.0,198.0,202.0,180.0,186.0,191.0,Abnormal
236,165.0,170.0,174.0,163.0,168.0,172.0,155.0,160.0,164.0,Abnormal
237,211.0,215.0,217.0,211.0,214.0,217.0,205.0,208.0,211.0,Abnormal
238,165.0,174.0,182.0,162.0,170.0,179.0,157.0,166.0,174.0,Abnormal
239,155.0,164.0,172.0,152.0,161.0,169.0,148.0,157.0,165.0,Abnormal
240,155.0,165.0,172.0,153.0,162.0,169.0,149.0,158.0,166.0,Abnormal
241,182.0,191.0,196.0,178.0,187.0,192.0,167.0,175.0,180.0,Abnormal
242,139.0,146.0,151.0,136.0,143.0,149.0,126.0,134.0,140.0,Abnormal
243,141.0,148.0,154.0,138.0,145.0,150.0,129.0,136.0,141.0,Abnormal
244,215.0,225.0,230.0,207.0,217.0,221.0,196.0,205.0,209.0,Abnormal
245,170.0,194.0,206.0,167.0,191.0,203.0,160.0,182.0,193.0,Abnormal
246,180.0,190.0,196.0,171.0,182.0,187.0,162.0,171.0,177.0,Abnormal
247,177.0,185.0,192.0,169.0,177.0,184.0,159.0,168.0,174.0,Abnormal
248,182.0,191.0,197.0,179.0,187.0,193.0,170.0,179.0,185.0,Abnormal
249,166.0,179.0,187.0,158.0,171.0,179.0,146.0,159.0,167.0,Abnormal
250,184.0,190.0,194.0,177.0,182.0,186.0,168.0,173.0,177.0,Abnormal
251,185.0,189.0,193.0,179.0,184.0,187.0,169.0,173.0,177.0,Abnormal
252,179.0,190.0,200.0,176.0,187.0,196.0,165.0,176.0,183.0,Abnormal
253,158.0,171.0,179.0,152.0,164.0,171.0,139.0,151.0,158.0,Abnormal
254,159.0,168.0,177.0,158.0,167.0,176.0,152.0,161.0,170.0,Abnormal
255,165.0,187.0,197.0,161.0,183.0,194.0,153.0,175.0,184.0,Abnormal
256,189.0,199.0,204.0,182.0,194.0,198.0,174.0,188.0,193.0,Abnormal
257,140.0,166.0,176.0,139.0,163.0,173.0,135.0,158.0,168.0,Abnormal
258,108.0,170.0,184.0,107.0,167.0,181.0,100.0,158.0,172.0,Abnormal
259,188.0,197.0,202.0,182.0,190.0,195.0,172.0,180.0,185.0,Abnormal
260,180.0,189.0,197.0,169.0,178.0,186.0,153.0,162.0,170.0,Abnormal
261,172.0,178.0,184.0,163.0,168.0,174.0,152.0,157.0,162.0,Abnormal
262,150.0,160.0,171.0,149.0,159.0,169.0,142.0,153.0,162.0,Abnormal
263,176.0,188.0,193.0,171.0,183.0,188.0,162.0,173.0,178.0,Abnormal
264,188.0,196.0,201.0,180.0,187.0,192.0,169.0,176.0,181.0,Abnormal
265,179.0,186.0,190.0,173.0,179.0,183.0,162.0,169.0,173.0,Abnormal
266,166.0,172.0,176.0,163.0,168.0,173.0,152.0,158.0,162.0,Abnormal
267,142.0,147.0,151.0,141.0,146.0,150.0,135.0,140.0,145.0,Abnormal
268,136.0,142.0,147.0,136.0,142.0,147.0,129.0,135.0,141.0,Abnormal
269,170.0,181.0,188.0,164.0,175.0,182.0,158.0,169.0,175.0,Abnormal
270,173.0,181.0,187.0,167.0,175.0,181.0,157.0,165.0,171.0,Abnormal
271,168.0,179.0,187.0,163.0,174.0,182.0,156.0,167.0,175.0,Abnormal
272,126.0,159.0,169.0,122.0,154.0,164.0,113.0,145.0,155.0,Abnormal
273,142.0,184.0,194.0,137.0,177.0,187.0,128.0,167.0,177.0,Abnormal
274,158.0,174.0,185.0,150.0,166.0,177.0,140.0,156.0,167.0,Abnormal
275,184.0,192.0,199.0,176.0,184.0,191.0,165.0,174.0,181.0,Abnormal
276,186.0,191.0,196.0,181.0,187.0,191.0,171.0,177.0,183.0,Abnormal
277,114.0,172.0,199.0,109.0,164.0,191.0,101.0,153.0,180.0,Abnormal
278,175.0,204.0,213.0,166.0,196.0,205.0,153.0,185.0,194.0,Abnormal
279,175.0,191.0,196.0,170.0,185.0,191.0,161.0,176.0,181.0,Abnormal
280,129.0,196.0,207.0,124.0,189.0,200.0,117.0,178.0,189.0,Abnormal
281,140.0,190.0,203.0,136.0,184.0,196.0,127.0,174.0,185.0,Abnormal
282,214.0,218.0,222.0,213.0,217.0,220.0,208.0,212.0,216.0,Abnormal
283,169.0,189.0,195.0,166.0,187.0,193.0,159.0,182.0,188.0,Abnormal
284,183.0,197.0,204.0,180.0,194.0,200.0,176.0,190.0,196.0,Abnormal
285,166.0,175.0,184.0,163.0,172.0,180.0,158.0,167.0,176.0,Abnormal
286,200.0,213.0,218.0,195.0,209.0,214.0,189.0,203.0,209.0,Abnormal
287,155.0,180.0,187.0,150.0,176.0,183.0,141.0,168.0,176.0,Abnormal
288,169.0,175.0,181.0,167.0,173.0,179.0,163.0,169.0,175.0,Abnormal
289,170.0,183.0,192.0,167.0,180.0,189.0,162.0,175.0,183.0,Abnormal
290,171.0,183.0,191.0,168.0,180.0,188.0,163.0,175.0,183.0,Abnormal
291,191.0,197.0,202.0,187.0,193.0,197.0,182.0,188.0,192.0,Abnormal
292,170.0,180.0,189.0,166.0,176.0,185.0,157.0,168.0,177.0,Abnormal
293,193.0,199.0,204.0,188.0,194.0,199.0,183.0,189.0,194.0,Abnormal
294,166.0,177.0,186.0,160.0,172.0,181.0,152.0,164.0,174.0,Abnormal
295,166.0,179.0,187.0,159.0,172.0,179.0,151.0,164.0,173.0,Abnormal
296,202.0,208.0,213.0,198.0,204.0,209.0,194.0,200.0,205.0,Abnormal
297,184.0,191.0,197.0,180.0,187.0,193.0,175.0,183.0,188.0,Abnormal
298,191.0,195.0,199.0,189.0,193.0,196.0,185.0,189.0,193.0,Abnormal
299,158.0,168.0,177.0,158.0,168.0,176.0,157.0,167.0,175.0,Abnormal
300,175.0,187.0,196.0,173.0,184.0,193.0,169.0,180.0,189.0,Abnormal
301,151.0,161.0,169.0,145.0,155.0,163.0,139.0,149.0,157.0,Abnormal
302,153.0,170.0,182.0,151.0,168.0,181.0,146.0,163.0,176.0,Abnormal
303,191.0,205.0,215.0,187.0,201.0,211.0,184.0,198.0,208.0,Abnormal
304,160.0,174.0,186.0,158.0,173.0,185.0,154.0,168.0,181.0,Abnormal
305,187.0,194.0,198.0,181.0,187.0,191.0,169.0,176.0,179.0,Abnormal
306,179.0,190.0,201.0,177.0,188.0,199.0,174.0,185.0,196.0,Abnormal
307,165.0,174.0,181.0,163.0,172.0,179.0,161.0,170.0,177.0,Abnormal
308,160.0,182.0,191.0,156.0,179.0,187.0,155.0,178.0,186.0,Abnormal
309,186.0,195.0,201.0,183.0,191.0,198.0,180.0,189.0,196.0,Abnormal
310,140.0,146.0,151.0,139.0,146.0,150.0,138.0,144.0,149.0,Abnormal
311,110.0,115.0,121.0,109.0,114.0,120.0,107.0,112.0,117.0,Abnormal
312,161.0,168.0,175.0,157.0,164.0,171.0,153.0,160.0,167.0,Abnormal
313,167.0,174.0,180.0,163.0,169.0,176.0,158.0,164.0,171.0,Abnormal
314,162.0,169.0,176.0,157.0,164.0,171.0,152.0,159.0,166.0,Abnormal
315,136.0,167.0,185.0,132.0,161.0,179.0,123.0,150.0,168.0,Abnormal
316,212.0,218.0,222.0,208.0,214.0,217.0,198.0,204.0,207.0,Abnormal
317,178.0,189.0,195.0,174.0,185.0,191.0,168.0,179.0,185.0,Abnormal
318,160.0,185.0,192.0,157.0,181.0,188.0,150.0,174.0,181.0,Abnormal
319,190.0,198.0,204.0,184.0,192.0,197.0,174.0,181.0,187.0,Abnormal
320,164.0,170.0,175.0,157.0,163.0,167.0,146.0,152.0,156.0,Abnormal
321,182.0,188.0,192.0,176.0,182.0,186.0,164.0,170.0,174.0,Abnormal
322,200.0,209.0,216.0,196.0,206.0,213.0,191.0,201.0,208.0,Abnormal
323,176.0,194.0,200.0,173.0,191.0,197.0,166.0,184.0,191.0,Abnormal
324,185.0,196.0,202.0,181.0,192.0,198.0,175.0,185.0,192.0,Abnormal
325,204.0,214.0,219.0,200.0,210.0,215.0,195.0,206.0,210.0,Abnormal
326,184.0,196.0,203.0,181.0,193.0,199.0,176.0,189.0,195.0,Abnormal
327,161.0,178.0,184.0,159.0,176.0,182.0,155.0,173.0,179.0,Abnormal
328,188.0,204.0,211.0,185.0,200.0,207.0,180.0,196.0,203.0,Abnormal
329,168.0,175.0,181.0,165.0,171.0,177.0,161.0,167.0,173.0,Abnormal
330,111.0,172.0,181.0,107.0,169.0,177.0,99.0,165.0,173.0,Abnormal
331,187.0,216.0,222.0,184.0,213.0,220.0,179.0,208.0,216.0,Abnormal
332,159.0,173.0,180.0,156.0,169.0,176.0,149.0,164.0,171.0,Abnormal
333,115.0,138.0,157.0,112.0,134.0,153.0,104.0,127.0,145.0,Abnormal
334,141.0,173.0,182.0,136.0,168.0,177.0,127.0,162.0,171.0,Abnormal
335,146.0,191.0,205.0,141.0,187.0,202.0,134.0,183.0,197.0,Abnormal
336,172.0,180.0,185.0,167.0,175.0,180.0,155.0,164.0,169.0,Abnormal
337,165.0,186.0,195.0,161.0,180.0,190.0,152.0,171.0,182.0,Abnormal
338,142.0,153.0,162.0,139.0,149.0,157.0,132.0,142.0,150.0,Abnormal
339,131.0,145.0,160.0,129.0,144.0,158.0,124.0,139.0,154.0,Abnormal
340,192.0,201.0,210.0,186.0,196.0,204.0,178.0,188.0,197.0,Abnormal
341,182.0,188.0,193.0,172.0,178.0,182.0,160.0,166.0,170.0,Abnormal
342,161.0,169.0,176.0,160.0,166.0,173.0,146.0,152.0,159.0,Abnormal
343,167.0,179.0,188.0,163.0,174.0,183.0,158.0,169.0,178.0,Abnormal
344,153.0,162.0,170.0,152.0,161.0,170.0,151.0,161.0,169.0,Abnormal
345,165.0,179.0,191.0,162.0,176.0,188.0,160.0,174.0,186.0,Abnormal
346,164.0,177.0,186.0,161.0,174.0,183.0,156.0,169.0,178.0,Abnormal
347,202.0,212.0,220.0,200.0,210.0,218.0,198.0,208.0,215.0,Abnormal
348,154.0,169.0,182.0,152.0,167.0,180.0,149.0,164.0,177.0,Abnormal
349,191.0,205.0,214.0,187.0,201.0,211.0,184.0,198.0,208.0,Abnormal
350,165.0,179.0,192.0,162.0,176.0,188.0,160.0,173.0,186.0,Abnormal
351,168.0,185.0,196.0,164.0,181.0,192.0,162.0,180.0,191.0,Abnormal
352,167.0,173.0,178.0,156.0,162.0,167.0,146.0,152.0,158.0,Abnormal
353,156.0,174.0,187.0,156.0,174.0,187.0,156.0,173.0,187.0,Abnormal
354,182.0,201.0,212.0,180.0,200.0,212.0,179.0,199.0,211.0,Abnormal
355,196.0,203.0,209.0,193.0,201.0,207.0,192.0,200.0,205.0,Abnormal
356,109.0,118.0,124.0,108.0,117.0,123.0,105.0,113.0,120.0,Abnormal
357,181.0,188.0,194.0,179.0,186.0,192.0,176.0,183.0,189.0,Abnormal
358,116.0,123.0,129.0,116.0,123.0,128.0,115.0,122.0,127.0,Abnormal
359,102.0,109.0,114.0,100.0,107.0,112.0,97.0,104.0,109.0,Abnormal
360,156.0,162.0,168.0,152.0,159.0,165.0,148.0,155.0,161.0,Abnormal
361,161.0,171.0,180.0,157.0,167.0,176.0,154.0,164.0,173.0,Abnormal
362,162.0,167.0,172.0,157.0,163.0,167.0,153.0,159.0,163.0,Abnormal
363,202.0,205.0,209.0,200.0,203.0,207.0,195.0,198.0,202.0,Abnormal
364,160.0,165.0,169.0,159.0,163.0,167.0,157.0,162.0,166.0,Abnormal
365,129.0,135.0,140.0,126.0,132.0,137.0,125.0,131.0,136.0,Abnormal
366,119.0,124.0,128.0,114.0,120.0,124.0,102.0,108.0,112.0,Abnormal
367,141.0,162.0,174.0,138.0,158.0,170.0,125.0,145.0,156.0,Abnormal
368,148.0,156.0,164.0,145.0,152.0,158.0,130.0,137.0,143.0,Abnormal
369,165.0,190.0,199.0,162.0,184.0,192.0,157.0,175.0,183.0,Abnormal
370,185.0,201.0,213.0,181.0,196.0,208.0,174.0,187.0,198.0,Abnormal
371,175.0,186.0,194.0,168.0,178.0,185.0,159.0,169.0,176.0,Abnormal
372,117.0,126.0,132.0,116.0,125.0,130.0,105.0,113.0,118.0,Abnormal
373,179.0,192.0,199.0,176.0,189.0,197.0,172.0,185.0,193.0,Abnormal
374,143.0,170.0,178.0,142.0,168.0,175.0,139.0,165.0,172.0,Abnormal
375,164.0,173.0,180.0,155.0,163.0,170.0,142.0,150.0,157.0,Abnormal
376,141.0,188.0,195.0,137.0,181.0,188.0,129.0,174.0,180.0,Abnormal
377,187.0,195.0,201.0,182.0,190.0,196.0,171.0,179.0,185.0,Abnormal
378,182.0,189.0,194.0,176.0,183.0,188.0,168.0,175.0,180.0,Abnormal
379,193.0,199.0,203.0,189.0,195.0,199.0,184.0,191.0,195.0,Abnormal
380,168.0,176.0,182.0,164.0,172.0,178.0,160.0,168.0,174.0,Abnormal
381,194.0,200.0,204.0,190.0,195.0,199.0,184.0,191.0,195.0,Abnormal
382,167.0,186.0,193.0,163.0,183.0,190.0,156.0,179.0,186.0,Abnormal
383,181.0,187.0,192.0,171.0,178.0,182.0,161.0,168.0,173.0,Abnormal
384,190.0,199.0,205.0,184.0,192.0,198.0,167.0,175.0,181.0,Abnormal
385,165.0,173.0,180.0,159.0,167.0,173.0,142.0,150.0,156.0,Abnormal
386,145.0,152.0,157.0,143.0,150.0,155.0,126.0,133.0,139.0,Abnormal
387,163.0,173.0,180.0,159.0,169.0,176.0,156.0,166.0,173.0,Abnormal
388,182.0,191.0,199.0,173.0,182.0,190.0,161.0,171.0,178.0,Abnormal
389,152.0,160.0,168.0,151.0,159.0,167.0,147.0,155.0,163.0,Abnormal
390,112.0,156.0,171.0,108.0,149.0,164.0,102.0,140.0,155.0,Abnormal
391,161.0,174.0,184.0,155.0,168.0,178.0,146.0,158.0,168.0,Abnormal
392,161.0,171.0,177.0,151.0,161.0,168.0,142.0,155.0,162.0,Abnormal
393,169.0,177.0,184.0,167.0,174.0,181.0,162.0,169.0,176.0,Abnormal
394,122.0,131.0,136.0,120.0,128.0,133.0,109.0,116.0,120.0,Abnormal
395,175.0,182.0,189.0,166.0,173.0,179.0,153.0,161.0,167.0,Abnormal
396,152.0,177.0,193.0,144.0,169.0,184.0,132.0,156.0,171.0,Abnormal
397,174.0,183.0,189.0,172.0,181.0,188.0,170.0,179.0,186.0,Abnormal
398,180.0,189.0,203.0,177.0,186.0,199.0,172.0,180.0,193.0,Abnormal
399,183.0,191.0,197.0,175.0,184.0,190.0,159.0,168.0,174.0,Abnormal
400,184.0,193.0,199.0,180.0,189.0,196.0,175.0,184.0,191.0,Abnormal
401,171.0,180.0,186.0,161.0,170.0,176.0,151.0,160.0,166.0,Abnormal
402,155.0,169.0,182.0,155.0,169.0,181.0,155.0,169.0,181.0,Abnormal
403,107.0,123.0,135.0,106.0,123.0,133.0,97.0,112.0,122.0,Abnormal
404,206.0,215.0,222.0,205.0,215.0,222.0,204.0,213.0,220.0,Abnormal
405,158.0,175.0,187.0,156.0,173.0,184.0,152.0,170.0,181.0,Abnormal
406,157.0,166.0,173.0,153.0,163.0,170.0,143.0,152.0,160.0,Abnormal
407,157.0,166.0,174.0,148.0,157.0,165.0,136.0,144.0,152.0,Abnormal
408,171.0,179.0,186.0,166.0,173.0,180.0,157.0,165.0,172.0,Abnormal
409,172.0,178.0,183.0,167.0,173.0,178.0,152.0,158.0,163.0,Abnormal
410,167.0,178.0,190.0,159.0,170.0,180.0,145.0,155.0,165.0,Abnormal
411,150.0,155.0,159.0,140.0,146.0,149.0,141.0,147.0,150.0,Abnormal
412,154.0,186.0,195.0,148.0,183.0,191.0,139.0,179.0,187.0,Abnormal
413,179.0,191.0,196.0,168.0,180.0,186.0,156.0,167.0,173.0,Abnormal
414,155.0,163.0,171.0,151.0,159.0,167.0,148.0,156.0,164.0,Abnormal
415,186.0,191.0,196.0,178.0,183.0,188.0,165.0,171.0,175.0,Abnormal
416,198.0,206.0,211.0,195.0,203.0,208.0,192.0,199.0,205.0,Abnormal
417,109.0,117.0,122.0,107.0,115.0,120.0,97.0,105.0,111.0,Abnormal
418,161.0,172.0,180.0,152.0,166.0,174.0,141.0,155.0,163.0,Abnormal
419,116.0,123.0,129.0,114.0,121.0,127.0,104.0,112.0,119.0,Abnormal
420,180.0,185.0,189.0,170.0,175.0,179.0,159.0,165.0,169.0,Abnormal
421,170.0,184.0,192.0,166.0,180.0,189.0,161.0,174.0,183.0,Abnormal
422,181.0,187.0,191.0,177.0,182.0,187.0,167.0,172.0,177.0,Abnormal
423,202.0,212.0,218.0,193.0,203.0,209.0,192.0,201.0,207.0,Abnormal
424,161.0,173.0,183.0,158.0,169.0,180.0,155.0,166.0,176.0,Abnormal
425,167.0,175.0,182.0,162.0,170.0,178.0,157.0,165.0,173.0,Abnormal
426,143.0,154.0,163.0,133.0,144.0,153.0,125.0,135.0,144.0,Abnormal
427,188.0,194.0,198.0,184.0,189.0,194.0,170.0,175.0,179.0,Abnormal
428,176.0,183.0,189.0,174.0,180.0,187.0,170.0,177.0,183.0,Abnormal
429,178.0,189.0,195.0,174.0,186.0,191.0,168.0,180.0,185.0,Abnormal
430,116.0,123.0,130.0,116.0,123.0,130.0,105.0,111.0,117.0,Abnormal
431,146.0,155.0,162.0,146.0,156.0,162.0,137.0,146.0,152.0,Abnormal
432,203.0,212.0,219.0,196.0,205.0,212.0,191.0,200.0,207.0,Abnormal
433,203.0,216.0,220.0,198.0,211.0,215.0,187.0,201.0,205.0,Abnormal
434,150.0,205.0,221.0,141.0,198.0,213.0,128.0,187.0,202.0,Abnormal
435,154.0,157.0,160.0,156.0,159.0,162.0,156.0,160.0,163.0,Abnormal
436,190.0,204.0,211.0,186.0,201.0,207.0,181.0,196.0,203.0,Abnormal
437,159.0,169.0,177.0,152.0,162.0,170.0,140.0,150.0,158.0,Abnormal
438,120.0,128.0,134.0,115.0,124.0,129.0,110.0,118.0,124.0,Abnormal
439,168.0,176.0,182.0,161.0,170.0,176.0,147.0,155.0,161.0,Abnormal
440,178.0,186.0,192.0,168.0,177.0,183.0,152.0,160.0,167.0,Abnormal
441,151.0,166.0,177.0,145.0,159.0,169.0,128.0,142.0,153.0,Abnormal
442,168.0,175.0,181.0,158.0,164.0,170.0,140.0,146.0,153.0,Abnormal
443,181.0,188.0,195.0,176.0,184.0,191.0,172.0,181.0,188.0,Abnormal
444,196.0,208.0,215.0,192.0,204.0,211.0,186.0,199.0,206.0,Abnormal
445,171.0,185.0,193.0,168.0,181.0,189.0,162.0,176.0,184.0,Abnormal
446,142.0,151.0,155.0,141.0,150.0,155.0,141.0,150.0,155.0,Abnormal
447,168.0,176.0,184.0,168.0,176.0,183.0,167.0,176.0,183.0,Abnormal
448,169.0,193.0,210.0,165.0,188.0,204.0,150.0,170.0,185.0,Abnormal
449,139.0,151.0,163.0,131.0,142.0,153.0,122.0,133.0,144.0,Abnormal
450,172.0,180.0,187.0,163.0,171.0,178.0,153.0,160.0,167.0,Abnormal
451,145.0,165.0,178.0,141.0,162.0,174.0,134.0,154.0,168.0,Abnormal
452,177.0,182.0,187.0,169.0,174.0,179.0,156.0,162.0,167.0,Abnormal
453,193.0,204.0,210.0,180.0,191.0,197.0,168.0,178.0,184.0,Abnormal
454,182.0,192.0,199.0,176.0,186.0,192.0,166.0,175.0,182.0,Abnormal
455,141.0,183.0,193.0,136.0,178.0,188.0,127.0,168.0,180.0,Abnormal
456,180.0,195.0,203.0,179.0,194.0,201.0,174.0,188.0,194.0,Abnormal
457,126.0,136.0,145.0,121.0,130.0,139.0,109.0,119.0,127.0,Abnormal
458,168.0,176.0,182.0,164.0,171.0,178.0,152.0,159.0,165.0,Abnormal
459,154.0,163.0,171.0,150.0,159.0,167.0,132.0,142.0,149.0,Abnormal
460,163.0,168.0,172.0,158.0,163.0,167.0,146.0,152.0,156.0,Abnormal
461,186.0,200.0,209.0,180.0,194.0,202.0,170.0,183.0,191.0,Abnormal
462,165.0,176.0,184.0,157.0,167.0,175.0,145.0,155.0,163.0,Abnormal
463,164.0,171.0,177.0,156.0,163.0,169.0,145.0,151.0,157.0,Abnormal
464,90.0,98.0,105.0,89.0,98.0,104.0,88.0,97.0,103.0,Abnormal
465,94.0,104.0,110.0,93.0,103.0,109.0,91.0,100.0,106.0,Abnormal
466,177.0,188.0,199.0,172.0,184.0,194.0,166.0,177.0,188.0,Abnormal
467,191.0,196.0,200.0,185.0,190.0,195.0,181.0,186.0,190.0,Abnormal
468,163.0,177.0,186.0,159.0,173.0,182.0,147.0,161.0,171.0,Abnormal
469,156.0,192.0,202.0,148.0,186.0,194.0,136.0,180.0,189.0,Abnormal
470,169.0,177.0,187.0,159.0,167.0,177.0,149.0,157.0,167.0,Abnormal
471,180.0,187.0,192.0,173.0,179.0,184.0,163.0,169.0,174.0,Abnormal
472,162.0,167.0,171.0,160.0,164.0,169.0,158.0,163.0,168.0,Abnormal
473,193.0,200.0,205.0,189.0,196.0,201.0,185.0,192.0,197.0,Abnormal
474,195.0,204.0,211.0,187.0,196.0,203.0,176.0,185.0,193.0,Abnormal
475,190.0,200.0,206.0,185.0,195.0,202.0,181.0,191.0,197.0,Abnormal
476,196.0,203.0,208.0,191.0,197.0,203.0,184.0,191.0,197.0,Abnormal
477,95.0,103.0,109.0,94.0,101.0,108.0,91.0,98.0,105.0,Abnormal
478,161.0,170.0,178.0,155.0,164.0,171.0,141.0,150.0,157.0,Abnormal
479,172.0,177.0,181.0,167.0,172.0,177.0,158.0,163.0,168.0,Abnormal
480,202.0,208.0,214.0,190.0,197.0,203.0,176.0,184.0,190.0,Abnormal
481,143.0,154.0,163.0,142.0,152.0,161.0,137.0,147.0,156.0,Abnormal
482,197.0,203.0,209.0,190.0,196.0,201.0,180.0,187.0,193.0,Abnormal
483,163.0,172.0,180.0,161.0,169.0,177.0,151.0,159.0,166.0,Abnormal
484,176.0,185.0,193.0,166.0,174.0,182.0,150.0,158.0,165.0,Abnormal
485,146.0,157.0,165.0,144.0,154.0,162.0,136.0,147.0,154.0,Abnormal
486,172.0,183.0,191.0,164.0,175.0,183.0,153.0,164.0,172.0,Abnormal
487,185.0,193.0,202.0,180.0,187.0,197.0,170.0,178.0,188.0,Abnormal
488,125.0,151.0,164.0,125.0,151.0,163.0,120.0,147.0,160.0,Abnormal
489,117.0,128.0,137.0,113.0,124.0,132.0,104.0,114.0,121.0,Abnormal
490,150.0,160.0,169.0,148.0,159.0,167.0,138.0,148.0,157.0,Abnormal
491,172.0,187.0,203.0,162.0,177.0,191.0,143.0,159.0,172.0,Abnormal
492,167.0,176.0,183.0,164.0,172.0,179.0,149.0,157.0,164.0,Abnormal
493,212.0,216.0,221.0,207.0,211.0,216.0,204.0,208.0,212.0,Abnormal
494,170.0,183.0,196.0,162.0,174.0,186.0,148.0,159.0,171.0,Abnormal
495,168.0,185.0,194.0,164.0,181.0,191.0,160.0,178.0,187.0,Abnormal
496,138.0,155.0,164.0,132.0,148.0,157.0,127.0,142.0,151.0,Abnormal
497,195.0,201.0,205.0,187.0,193.0,197.0,172.0,179.0,183.0,Abnormal
498,166.0,173.0,181.0,162.0,169.0,176.0,153.0,161.0,167.0,Abnormal
499,194.0,203.0,208.0,188.0,196.0,201.0,178.0,186.0,191.0,Abnormal
500,224.0,226.0,227.0,224.0,226.0,227.0,221.0,223.0,225.0,Normal
501,195.0,199.0,202.0,195.0,199.0,203.0,184.0,188.0,193.0,Normal
502,174.0,179.0,183.0,171.0,176.0,179.0,164.0,169.0,173.0,Normal
503,164.0,171.0,178.0,162.0,168.0,176.0,156.0,163.0,170.0,Normal
504,174.0,179.0,185.0,171.0,176.0,181.0,166.0,171.0,176.0,Normal
505,194.0,202.0,209.0,183.0,191.0,199.0,173.0,180.0,188.0,Normal
506,153.0,157.0,160.0,149.0,153.0,156.0,140.0,143.0,147.0,Normal
507,191.0,194.0,198.0,182.0,185.0,189.0,173.0,176.0,180.0,Normal
508,172.0,180.0,187.0,169.0,177.0,184.0,164.0,172.0,179.0,Normal
509,225.0,227.0,229.0,222.0,224.0,226.0,215.0,217.0,219.0,Normal
510,206.0,211.0,216.0,195.0,200.0,204.0,178.0,183.0,187.0,Normal
511,172.0,176.0,181.0,169.0,174.0,178.0,161.0,166.0,171.0,Normal
512,181.0,187.0,192.0,176.0,182.0,188.0,165.0,172.0,178.0,Normal
513,185.0,191.0,197.0,176.0,183.0,189.0,166.0,172.0,179.0,Normal
514,184.0,188.0,192.0,181.0,185.0,189.0,176.0,180.0,184.0,Normal
515,200.0,205.0,210.0,195.0,200.0,204.0,187.0,191.0,195.0,Normal
516,136.0,141.0,144.0,132.0,136.0,140.0,123.0,127.0,132.0,Normal
517,186.0,191.0,196.0,181.0,186.0,190.0,175.0,180.0,184.0,Normal
518,198.0,201.0,204.0,193.0,195.0,198.0,186.0,189.0,192.0,Normal
519,154.0,163.0,174.0,152.0,161.0,170.0,144.0,152.0,161.0,Normal
520,196.0,200.0,205.0,190.0,194.0,198.0,182.0,186.0,190.0,Normal
521,213.0,219.0,224.0,210.0,216.0,221.0,210.0,217.0,221.0,Normal
522,129.0,132.0,135.0,130.0,133.0,136.0,128.0,132.0,135.0,Normal
523,181.0,188.0,195.0,169.0,176.0,183.0,153.0,159.0,166.0,Normal
524,183.0,188.0,192.0,179.0,183.0,187.0,169.0,174.0,178.0,Normal
525,188.0,192.0,197.0,179.0,183.0,188.0,164.0,169.0,173.0,Normal
526,173.0,178.0,183.0,167.0,172.0,177.0,159.0,163.0,167.0,Normal
527,191.0,196.0,202.0,189.0,194.0,199.0,185.0,191.0,196.0,Normal
528,173.0,179.0,184.0,170.0,176.0,181.0,156.0,162.0,167.0,Normal
529,177.0,184.0,191.0,173.0,180.0,185.0,165.0,172.0,178.0,Normal
530,178.0,183.0,187.0,177.0,182.0,186.0,177.0,182.0,186.0,Normal
531,192.0,196.0,201.0,186.0,190.0,195.0,176.0,180.0,184.0,Normal
532,211.0,216.0,220.0,202.0,207.0,211.0,197.0,202.0,207.0,Normal
533,236.0,238.0,240.0,234.0,236.0,238.0,229.0,231.0,233.0,Normal
534,171.0,175.0,179.0,169.0,173.0,177.0,169.0,173.0,177.0,Normal
535,189.0,194.0,198.0,184.0,189.0,192.0,179.0,183.0,187.0,Normal
536,202.0,205.0,208.0,198.0,201.0,205.0,191.0,195.0,198.0,Normal
537,204.0,209.0,214.0,203.0,208.0,213.0,200.0,206.0,211.0,Normal
538,212.0,215.0,217.0,209.0,211.0,214.0,203.0,206.0,209.0,Normal
539,200.0,203.0,205.0,190.0,193.0,195.0,177.0,180.0,183.0,Normal
540,176.0,181.0,187.0,167.0,172.0,177.0,146.0,151.0,156.0,Normal
541,182.0,188.0,192.0,170.0,176.0,180.0,158.0,163.0,167.0,Normal
542,179.0,184.0,188.0,170.0,174.0,178.0,159.0,164.0,168.0,Normal
543,208.0,212.0,216.0,204.0,208.0,212.0,198.0,202.0,206.0,Normal
544,206.0,209.0,212.0,203.0,206.0,209.0,197.0,200.0,203.0,Normal
545,166.0,168.0,170.0,159.0,161.0,163.0,160.0,162.0,163.0,Normal
546,153.0,155.0,157.0,153.0,155.0,156.0,153.0,155.0,157.0,Normal
547,128.0,132.0,136.0,126.0,130.0,135.0,125.0,129.0,134.0,Normal
548,177.0,183.0,190.0,167.0,173.0,179.0,148.0,154.0,161.0,Normal
549,213.0,219.0,224.0,210.0,216.0,221.0,205.0,211.0,216.0,Normal
550,187.0,193.0,200.0,183.0,190.0,196.0,172.0,179.0,186.0,Normal
551,203.0,207.0,211.0,194.0,198.0,201.0,180.0,184.0,188.0,Normal
552,208.0,215.0,221.0,207.0,214.0,220.0,206.0,213.0,219.0,Normal
553,204.0,212.0,218.0,201.0,208.0,215.0,197.0,204.0,211.0,Normal
554,190.0,197.0,204.0,187.0,193.0,199.0,178.0,184.0,189.0,Normal
555,196.0,200.0,205.0,183.0,187.0,192.0,170.0,175.0,179.0,Normal
556,154.0,161.0,169.0,144.0,151.0,159.0,135.0,142.0,149.0,Normal
557,154.0,159.0,164.0,151.0,155.0,160.0,144.0,149.0,154.0,Normal
558,186.0,196.0,206.0,184.0,195.0,204.0,182.0,192.0,202.0,Normal
559,186.0,191.0,195.0,176.0,181.0,185.0,165.0,169.0,173.0,Normal
560,122.0,127.0,131.0,118.0,123.0,127.0,112.0,117.0,121.0,Normal
561,171.0,178.0,184.0,161.0,167.0,173.0,146.0,152.0,158.0,Normal
562,186.0,191.0,195.0,179.0,184.0,189.0,170.0,176.0,181.0,Normal
563,168.0,172.0,177.0,163.0,167.0,172.0,152.0,156.0,160.0,Normal
564,186.0,190.0,194.0,177.0,181.0,184.0,167.0,171.0,175.0,Normal
565,140.0,144.0,148.0,139.0,143.0,147.0,137.0,141.0,144.0,Normal
566,214.0,220.0,225.0,211.0,217.0,222.0,209.0,214.0,219.0,Normal
567,185.0,190.0,195.0,177.0,182.0,187.0,167.0,172.0,177.0,Normal
568,192.0,197.0,202.0,186.0,191.0,195.0,175.0,180.0,184.0,Normal
569,180.0,183.0,186.0,173.0,176.0,179.0,162.0,165.0,168.0,Normal
570,173.0,177.0,181.0,167.0,170.0,174.0,156.0,160.0,164.0,Normal
571,181.0,185.0,189.0,176.0,180.0,183.0,167.0,171.0,175.0,Normal
572,137.0,141.0,144.0,135.0,138.0,142.0,122.0,126.0,129.0,Normal
573,198.0,201.0,204.0,196.0,199.0,203.0,188.0,191.0,195.0,Normal
574,169.0,172.0,175.0,158.0,162.0,165.0,148.0,151.0,155.0,Normal
575,189.0,195.0,200.0,180.0,186.0,191.0,168.0,174.0,179.0,Normal
576,195.0,199.0,203.0,185.0,189.0,193.0,170.0,174.0,177.0,Normal
577,176.0,179.0,183.0,174.0,177.0,181.0,174.0,178.0,181.0,Normal
578,188.0,192.0,197.0,182.0,187.0,191.0,170.0,175.0,179.0,Normal
579,130.0,133.0,135.0,131.0,134.0,136.0,134.0,136.0,139.0,Normal
580,219.0,223.0,226.0,215.0,219.0,222.0,208.0,212.0,215.0,Normal
581,176.0,179.0,182.0,172.0,175.0,177.0,161.0,164.0,167.0,Normal
582,179.0,186.0,191.0,176.0,183.0,188.0,163.0,170.0,175.0,Normal
583,199.0,203.0,206.0,195.0,198.0,201.0,186.0,190.0,193.0,Normal
584,157.0,164.0,172.0,149.0,156.0,163.0,140.0,147.0,154.0,Normal
585,182.0,188.0,193.0,174.0,180.0,185.0,161.0,167.0,172.0,Normal
586,202.0,205.0,209.0,200.0,203.0,207.0,192.0,195.0,199.0,Normal
587,193.0,200.0,207.0,192.0,199.0,205.0,188.0,195.0,202.0,Normal
588,151.0,158.0,164.0,149.0,156.0,162.0,143.0,150.0,155.0,Normal
589,188.0,192.0,197.0,179.0,183.0,188.0,164.0,169.0,173.0,Normal
590,190.0,196.0,202.0,180.0,187.0,192.0,168.0,174.0,180.0,Normal
591,205.0,211.0,216.0,201.0,207.0,212.0,196.0,202.0,207.0,Normal
592,173.0,178.0,183.0,168.0,173.0,179.0,161.0,167.0,172.0,Normal
593,192.0,197.0,202.0,182.0,186.0,190.0,166.0,170.0,174.0,Normal
594,179.0,183.0,187.0,174.0,178.0,182.0,163.0,167.0,171.0,Normal
595,201.0,207.0,213.0,193.0,199.0,205.0,183.0,189.0,195.0,Normal
596,131.0,136.0,140.0,127.0,132.0,136.0,125.0,129.0,134.0,Normal
597,177.0,182.0,186.0,165.0,170.0,175.0,150.0,155.0,160.0,Normal
598,169.0,174.0,180.0,168.0,173.0,179.0,165.0,170.0,175.0,Normal
599,170.0,175.0,180.0,164.0,169.0,174.0,154.0,159.0,163.0,Normal
600,216.0,221.0,226.0,214.0,220.0,225.0,215.0,220.0,225.0,Normal
601,185.0,191.0,196.0,179.0,185.0,190.0,168.0,174.0,178.0,Normal
602,183.0,188.0,192.0,180.0,185.0,189.0,176.0,180.0,185.0,Normal
603,169.0,178.0,185.0,160.0,167.0,174.0,148.0,155.0,162.0,Normal
604,177.0,183.0,188.0,173.0,178.0,183.0,163.0,168.0,173.0,Normal
605,182.0,189.0,195.0,178.0,185.0,190.0,171.0,177.0,183.0,Normal
606,135.0,139.0,142.0,131.0,134.0,138.0,121.0,124.0,128.0,Normal
607,183.0,189.0,194.0,177.0,182.0,187.0,166.0,171.0,176.0,Normal
608,185.0,189.0,193.0,175.0,180.0,184.0,167.0,172.0,176.0,Normal
609,197.0,203.0,208.0,189.0,195.0,200.0,175.0,180.0,185.0,Normal
610,197.0,201.0,204.0,191.0,195.0,198.0,184.0,188.0,191.0,Normal
611,185.0,189.0,193.0,182.0,187.0,191.0,174.0,179.0,183.0,Normal
612,181.0,192.0,204.0,175.0,185.0,197.0,162.0,173.0,183.0,Normal
613,193.0,197.0,202.0,188.0,192.0,196.0,178.0,182.0,185.0,Normal
614,168.0,174.0,179.0,168.0,173.0,179.0,160.0,166.0,172.0,Normal
615,194.0,199.0,204.0,188.0,193.0,198.0,177.0,182.0,187.0,Normal
616,186.0,192.0,197.0,175.0,180.0,186.0,158.0,163.0,168.0,Normal
617,205.0,212.0,218.0,202.0,209.0,216.0,198.0,205.0,211.0,Normal
618,209.0,213.0,216.0,205.0,209.0,212.0,202.0,206.0,209.0,Normal
619,183.0,186.0,189.0,180.0,183.0,187.0,176.0,180.0,183.0,Normal
620,173.0,177.0,182.0,165.0,169.0,174.0,153.0,157.0,162.0,Normal
621,215.0,222.0,227.0,214.0,220.0,225.0,212.0,218.0,223.0,Normal
622,194.0,201.0,206.0,185.0,192.0,197.0,175.0,181.0,187.0,Normal
623,137.0,140.0,143.0,132.0,135.0,138.0,121.0,124.0,126.0,Normal
624,204.0,207.0,209.0,195.0,198.0,201.0,184.0,187.0,189.0,Normal
625,169.0,182.0,197.0,160.0,173.0,187.0,150.0,163.0,178.0,Normal
626,162.0,168.0,173.0,160.0,165.0,171.0,146.0,152.0,157.0,Normal
627,122.0,131.0,153.0,122.0,131.0,152.0,119.0,128.0,148.0,Normal
628,171.0,175.0,179.0,163.0,167.0,171.0,148.0,152.0,156.0,Normal
629,186.0,193.0,199.0,183.0,189.0,195.0,180.0,186.0,192.0,Normal
630,202.0,207.0,213.0,195.0,200.0,207.0,187.0,193.0,199.0,Normal
631,180.0,185.0,191.0,176.0,182.0,187.0,174.0,179.0,185.0,Normal
632,210.0,215.0,219.0,201.0,206.0,210.0,197.0,201.0,206.0,Normal
633,172.0,177.0,182.0,168.0,172.0,177.0,157.0,162.0,167.0,Normal
634,186.0,190.0,194.0,177.0,181.0,185.0,163.0,166.0,170.0,Normal
635,187.0,192.0,196.0,181.0,186.0,189.0,170.0,175.0,179.0,Normal
636,217.0,219.0,221.0,213.0,215.0,217.0,209.0,211.0,213.0,Normal
637,203.0,206.0,210.0,199.0,203.0,207.0,188.0,192.0,196.0,Normal
638,189.0,194.0,198.0,185.0,189.0,194.0,177.0,182.0,186.0,Normal
639,88.0,92.0,96.0,89.0,92.0,96.0,84.0,88.0,91.0,Normal
640,191.0,194.0,198.0,179.0,183.0,186.0,162.0,166.0,170.0,Normal
641,174.0,179.0,184.0,174.0,179.0,184.0,174.0,179.0,184.0,Normal
642,202.0,206.0,210.0,199.0,203.0,207.0,198.0,202.0,206.0,Normal
643,218.0,221.0,223.0,218.0,221.0,223.0,211.0,214.0,217.0,Normal
644,190.0,195.0,200.0,189.0,195.0,200.0,181.0,186.0,191.0,Normal
645,207.0,211.0,215.0,203.0,208.0,212.0,198.0,203.0,207.0,Normal
646,194.0,203.0,219.0,188.0,197.0,213.0,179.0,188.0,204.0,Normal
647,140.0,144.0,148.0,137.0,142.0,146.0,125.0,129.0,133.0,Normal
648,189.0,193.0,197.0,183.0,187.0,191.0,173.0,177.0,181.0,Normal
649,218.0,221.0,224.0,207.0,210.0,212.0,193.0,196.0,199.0,Normal
650,197.0,200.0,203.0,193.0,196.0,200.0,186.0,190.0,193.0,Normal
651,201.0,206.0,210.0,194.0,199.0,203.0,185.0,189.0,193.0,Normal
652,195.0,199.0,204.0,194.0,198.0,202.0,181.0,185.0,188.0,Normal
653,181.0,186.0,190.0,177.0,182.0,187.0,173.0,178.0,183.0,Normal
654,188.0,192.0,197.0,182.0,186.0,190.0,170.0,174.0,178.0,Normal
655,204.0,208.0,211.0,194.0,198.0,202.0,180.0,184.0,188.0,Normal
656,191.0,196.0,201.0,182.0,187.0,192.0,173.0,177.0,182.0,Normal
657,195.0,204.0,219.0,189.0,197.0,212.0,179.0,187.0,201.0,Normal
658,182.0,190.0,199.0,180.0,189.0,198.0,179.0,188.0,197.0,Normal
659,192.0,196.0,201.0,189.0,194.0,198.0,175.0,179.0,184.0,Normal
660,228.0,229.0,231.0,225.0,227.0,228.0,219.0,221.0,222.0,Normal
661,179.0,184.0,189.0,172.0,177.0,182.0,161.0,166.0,171.0,Normal
662,171.0,180.0,188.0,163.0,171.0,179.0,152.0,160.0,168.0,Normal
663,218.0,221.0,224.0,216.0,219.0,221.0,207.0,210.0,213.0,Normal
664,178.0,189.0,199.0,174.0,185.0,195.0,165.0,175.0,184.0,Normal
665,209.0,216.0,223.0,203.0,210.0,217.0,193.0,201.0,208.0,Normal
666,176.0,180.0,186.0,167.0,171.0,176.0,154.0,159.0,164.0,Normal
667,203.0,211.0,219.0,192.0,200.0,209.0,181.0,189.0,197.0,Normal
668,191.0,195.0,199.0,190.0,194.0,198.0,180.0,184.0,188.0,Normal
669,188.0,193.0,197.0,178.0,183.0,187.0,162.0,166.0,170.0,Normal
670,210.0,215.0,220.0,205.0,211.0,215.0,201.0,206.0,211.0,Normal
671,191.0,195.0,198.0,185.0,189.0,193.0,174.0,178.0,181.0,Normal
672,117.0,121.0,124.0,111.0,115.0,119.0,102.0,105.0,109.0,Normal
673,169.0,174.0,179.0,159.0,164.0,168.0,145.0,150.0,155.0,Normal
674,124.0,143.0,160.0,123.0,139.0,153.0,113.0,125.0,137.0,Normal
675,196.0,200.0,204.0,191.0,196.0,199.0,181.0,184.0,187.0,Normal
676,219.0,223.0,227.0,206.0,211.0,214.0,193.0,197.0,201.0,Normal
677,192.0,196.0,200.0,192.0,196.0,200.0,186.0,190.0,194.0,Normal
678,202.0,207.0,213.0,200.0,205.0,211.0,199.0,205.0,211.0,Normal
679,204.0,207.0,210.0,200.0,203.0,206.0,197.0,200.0,203.0,Normal
680,200.0,204.0,207.0,197.0,201.0,204.0,187.0,191.0,194.0,Normal
681,163.0,169.0,176.0,156.0,162.0,168.0,143.0,148.0,155.0,Normal
682,164.0,170.0,177.0,157.0,163.0,169.0,150.0,156.0,162.0,Normal
683,212.0,215.0,217.0,209.0,211.0,214.0,196.0,199.0,202.0,Normal
684,163.0,168.0,172.0,157.0,161.0,165.0,150.0,154.0,159.0,Normal
685,190.0,195.0,201.0,182.0,188.0,193.0,172.0,178.0,183.0,Normal
686,187.0,192.0,198.0,184.0,189.0,195.0,180.0,185.0,191.0,Normal
687,131.0,136.0,144.0,132.0,137.0,145.0,118.0,123.0,131.0,Normal
688,167.0,175.0,186.0,162.0,169.0,179.0,157.0,163.0,172.0,Normal
689,193.0,196.0,199.0,181.0,184.0,187.0,169.0,171.0,174.0,Normal
690,176.0,182.0,188.0,172.0,178.0,184.0,167.0,173.0,179.0,Normal
691,170.0,174.0,178.0,167.0,171.0,176.0,161.0,166.0,170.0,Normal
692,219.0,224.0,228.0,211.0,217.0,221.0,205.0,210.0,214.0,Normal
693,190.0,195.0,198.0,185.0,190.0,193.0,173.0,177.0,181.0,Normal
694,201.0,205.0,209.0,193.0,197.0,201.0,181.0,185.0,189.0,Normal
695,177.0,184.0,189.0,171.0,177.0,181.0,162.0,167.0,172.0,Normal
696,189.0,192.0,196.0,189.0,192.0,196.0,193.0,196.0,201.0,Normal
697,145.0,149.0,153.0,143.0,148.0,151.0,137.0,141.0,146.0,Normal
698,165.0,171.0,178.0,162.0,168.0,175.0,156.0,163.0,170.0,Normal
699,170.0,175.0,181.0,163.0,168.0,173.0,148.0,154.0,159.0,Normal
700,204.0,210.0,215.0,200.0,206.0,211.0,191.0,197.0,202.0,Normal
701,181.0,184.0,188.0,168.0,171.0,175.0,152.0,156.0,159.0,Normal
702,124.0,131.0,137.0,118.0,124.0,130.0,109.0,115.0,121.0,Normal
703,170.0,177.0,183.0,169.0,176.0,182.0,168.0,175.0,181.0,Normal
704,188.0,194.0,200.0,185.0,191.0,197.0,181.0,187.0,192.0,Normal
705,199.0,203.0,206.0,196.0,200.0,203.0,181.0,185.0,188.0,Normal
706,213.0,217.0,220.0,206.0,210.0,214.0,201.0,206.0,210.0,Normal
707,130.0,136.0,141.0,127.0,133.0,138.0,120.0,126.0,131.0,Normal
708,201.0,210.0,217.0,198.0,207.0,214.0,196.0,204.0,211.0,Normal
709,177.0,185.0,192.0,167.0,174.0,180.0,151.0,157.0,163.0,Normal
710,196.0,204.0,209.0,195.0,202.0,208.0,194.0,202.0,207.0,Normal
711,167.0,175.0,182.0,163.0,170.0,177.0,149.0,155.0,162.0,Normal
712,177.0,183.0,188.0,170.0,176.0,181.0,159.0,165.0,170.0,Normal
713,202.0,206.0,210.0,196.0,200.0,203.0,187.0,191.0,195.0,Normal
714,199.0,205.0,210.0,190.0,196.0,201.0,175.0,180.0,185.0,Normal
715,173.0,179.0,187.0,164.0,170.0,178.0,151.0,157.0,164.0,Normal
716,165.0,170.0,175.0,162.0,167.0,172.0,158.0,163.0,168.0,Normal
717,143.0,147.0,153.0,139.0,144.0,149.0,125.0,129.0,134.0,Normal
718,159.0,164.0,169.0,154.0,160.0,165.0,150.0,155.0,160.0,Normal
719,189.0,193.0,196.0,182.0,185.0,188.0,167.0,171.0,175.0,Normal
720,139.0,147.0,153.0,140.0,148.0,154.0,135.0,144.0,150.0,Normal
721,188.0,199.0,213.0,183.0,193.0,205.0,177.0,186.0,198.0,Normal
722,200.0,202.0,205.0,195.0,197.0,200.0,187.0,189.0,192.0,Normal
723,110.0,114.0,118.0,106.0,111.0,115.0,99.0,103.0,107.0,Normal
724,109.0,114.0,118.0,108.0,113.0,117.0,106.0,111.0,115.0,Normal
725,223.0,226.0,228.0,213.0,216.0,218.0,201.0,204.0,206.0,Normal
726,107.0,112.0,119.0,106.0,111.0,119.0,102.0,107.0,113.0,Normal
727,158.0,168.0,176.0,152.0,162.0,169.0,138.0,148.0,156.0,Normal
728,195.0,201.0,206.0,192.0,197.0,202.0,188.0,193.0,198.0,Normal
729,221.0,225.0,228.0,218.0,222.0,226.0,216.0,220.0,223.0,Normal
730,196.0,201.0,205.0,188.0,192.0,196.0,175.0,179.0,184.0,Normal
731,178.0,185.0,191.0,175.0,181.0,188.0,169.0,176.0,182.0,Normal
732,162.0,167.0,171.0,162.0,167.0,171.0,159.0,164.0,168.0,Normal
733,179.0,183.0,186.0,171.0,174.0,178.0,165.0,169.0,172.0,Normal
734,214.0,218.0,222.0,212.0,216.0,220.0,202.0,206.0,210.0,Normal
735,173.0,179.0,185.0,170.0,176.0,182.0,161.0,166.0,172.0,Normal
736,189.0,196.0,202.0,185.0,192.0,198.0,180.0,186.0,192.0,Normal
737,186.0,193.0,198.0,183.0,189.0,194.0,181.0,187.0,192.0,Normal
738,176.0,181.0,186.0,172.0,177.0,181.0,157.0,162.0,166.0,Normal
739,159.0,165.0,170.0,158.0,164.0,169.0,153.0,158.0,164.0,Normal
740,185.0,192.0,197.0,182.0,190.0,195.0,184.0,191.0,196.0,Normal
741,221.0,224.0,226.0,209.0,212.0,215.0,195.0,198.0,200.0,Normal
742,203.0,206.0,209.0,202.0,205.0,208.0,197.0,200.0,202.0,Normal
743,187.0,190.0,193.0,178.0,181.0,184.0,171.0,174.0,177.0,Normal
744,197.0,201.0,205.0,191.0,194.0,198.0,179.0,183.0,186.0,Normal
745,193.0,198.0,202.0,183.0,188.0,191.0,172.0,176.0,180.0,Normal
746,160.0,166.0,172.0,155.0,161.0,168.0,146.0,152.0,159.0,Normal
747,213.0,217.0,221.0,210.0,215.0,219.0,203.0,208.0,211.0,Normal
748,166.0,173.0,181.0,159.0,166.0,174.0,153.0,160.0,169.0,Normal
749,165.0,170.0,176.0,152.0,158.0,163.0,144.0,149.0,155.0,Normal
750,180.0,186.0,191.0,172.0,178.0,184.0,161.0,167.0,173.0,Normal
751,169.0,172.0,176.0,158.0,162.0,165.0,148.0,151.0,155.0,Normal
752,192.0,198.0,202.0,186.0,192.0,197.0,177.0,182.0,188.0,Normal
753,197.0,208.0,214.0,193.0,204.0,210.0,189.0,200.0,206.0,Normal
754,183.0,190.0,195.0,174.0,180.0,186.0,164.0,170.0,176.0,Normal
755,126.0,130.0,134.0,123.0,127.0,130.0,116.0,120.0,124.0,Normal
756,223.0,226.0,230.0,222.0,225.0,228.0,218.0,221.0,224.0,Normal
757,180.0,183.0,186.0,177.0,180.0,183.0,173.0,176.0,179.0,Normal
758,193.0,196.0,199.0,189.0,192.0,196.0,185.0,189.0,192.0,Normal
759,171.0,178.0,184.0,163.0,170.0,175.0,153.0,160.0,165.0,Normal
760,170.0,179.0,189.0,168.0,178.0,187.0,165.0,175.0,185.0,Normal
761,192.0,196.0,199.0,182.0,186.0,189.0,171.0,175.0,178.0,Normal
762,180.0,183.0,187.0,177.0,180.0,183.0,166.0,170.0,173.0,Normal
763,175.0,180.0,185.0,166.0,171.0,176.0,156.0,161.0,166.0,Normal
764,154.0,158.0,161.0,152.0,156.0,159.0,150.0,154.0,157.0,Normal
765,181.0,190.0,198.0,178.0,188.0,196.0,170.0,178.0,187.0,Normal
766,200.0,203.0,206.0,196.0,199.0,202.0,184.0,187.0,190.0,Normal
767,179.0,184.0,188.0,177.0,182.0,186.0,165.0,170.0,174.0,Normal
768,188.0,193.0,198.0,179.0,185.0,190.0,168.0,174.0,179.0,Normal
769,230.0,232.0,234.0,218.0,220.0,222.0,206.0,209.0,211.0,Normal
770,202.0,208.0,213.0,199.0,205.0,210.0,193.0,198.0,204.0,Normal
771,184.0,191.0,196.0,173.0,180.0,186.0,159.0,166.0,172.0,Normal
772,183.0,191.0,197.0,177.0,185.0,190.0,164.0,171.0,177.0,Normal
773,198.0,202.0,207.0,194.0,198.0,202.0,189.0,193.0,197.0,Normal
774,186.0,191.0,195.0,180.0,184.0,188.0,165.0,169.0,173.0,Normal
775,191.0,196.0,200.0,186.0,190.0,194.0,176.0,180.0,183.0,Normal
776,184.0,188.0,192.0,184.0,188.0,191.0,179.0,184.0,188.0,Normal
777,160.0,168.0,175.0,154.0,162.0,169.0,139.0,146.0,153.0,Normal
778,224.0,228.0,233.0,214.0,219.0,223.0,204.0,209.0,213.0,Normal
779,190.0,196.0,201.0,187.0,193.0,197.0,183.0,189.0,194.0,Normal
780,214.0,218.0,221.0,212.0,215.0,219.0,207.0,211.0,214.0,Normal
781,137.0,152.0,171.0,133.0,148.0,168.0,130.0,145.0,164.0,Normal
782,179.0,184.0,189.0,172.0,177.0,183.0,163.0,169.0,174.0,Normal
783,180.0,188.0,198.0,175.0,182.0,192.0,163.0,171.0,180.0,Normal
784,129.0,131.0,133.0,128.0,130.0,131.0,129.0,130.0,132.0,Normal
785,184.0,189.0,195.0,175.0,181.0,187.0,162.0,168.0,173.0,Normal
786,173.0,179.0,184.0,168.0,174.0,178.0,156.0,162.0,166.0,Normal
787,204.0,208.0,212.0,198.0,201.0,205.0,180.0,184.0,188.0,Normal
788,171.0,176.0,182.0,167.0,173.0,178.0,156.0,162.0,167.0,Normal
789,190.0,197.0,203.0,184.0,190.0,196.0,172.0,178.0,184.0,Normal
790,215.0,222.0,227.0,214.0,220.0,226.0,213.0,219.0,224.0,Normal
791,180.0,185.0,190.0,169.0,174.0,178.0,156.0,161.0,166.0,Normal
792,178.0,182.0,187.0,174.0,179.0,183.0,168.0,173.0,178.0,Normal
793,197.0,201.0,205.0,188.0,192.0,195.0,177.0,181.0,184.0,Normal
794,198.0,202.0,205.0,190.0,193.0,197.0,180.0,183.0,186.0,Normal
795,145.0,152.0,160.0,140.0,147.0,155.0,131.0,139.0,147.0,Normal
796,173.0,180.0,187.0,171.0,179.0,186.0,170.0,178.0,185.0,Normal
797,184.0,188.0,191.0,177.0,180.0,184.0,165.0,169.0,172.0,Normal
798,169.0,175.0,181.0,166.0,172.0,178.0,153.0,159.0,166.0,Normal
799,186.0,193.0,199.0,180.0,187.0,193.0,171.0,178.0,185.0,Normal
800,168.0,175.0,181.0,163.0,169.0,175.0,152.0,159.0,164.0,Normal
801,192.0,197.0,201.0,180.0,185.0,188.0,165.0,171.0,174.0,Normal
802,179.0,184.0,188.0,177.0,182.0,186.0,170.0,175.0,179.0,Normal
803,190.0,195.0,201.0,187.0,192.0,197.0,182.0,187.0,193.0,Normal
804,181.0,189.0,195.0,177.0,184.0,191.0,173.0,181.0,187.0,Normal
805,196.0,200.0,203.0,188.0,192.0,196.0,177.0,181.0,185.0,Normal
806,186.0,191.0,196.0,178.0,183.0,187.0,164.0,169.0,173.0,Normal
807,191.0,197.0,202.0,189.0,195.0,200.0,190.0,196.0,202.0,Normal
808,184.0,192.0,201.0,182.0,190.0,199.0,179.0,188.0,196.0,Normal
809,205.0,211.0,216.0,194.0,200.0,205.0,178.0,184.0,189.0,Normal
810,186.0,192.0,196.0,182.0,188.0,192.0,179.0,185.0,189.0,Normal
811,157.0,159.0,161.0,153.0,156.0,157.0,153.0,156.0,158.0,Normal
812,184.0,189.0,194.0,180.0,185.0,190.0,172.0,177.0,182.0,Normal
813,212.0,218.0,222.0,211.0,217.0,221.0,209.0,215.0,219.0,Normal
814,176.0,182.0,188.0,170.0,177.0,183.0,160.0,167.0,173.0,Normal
815,208.0,211.0,213.0,194.0,197.0,200.0,181.0,185.0,188.0,Normal
816,178.0,189.0,199.0,175.0,186.0,196.0,172.0,183.0,193.0,Normal
817,169.0,173.0,177.0,165.0,169.0,173.0,162.0,165.0,169.0,Normal
818,184.0,190.0,196.0,179.0,185.0,191.0,170.0,176.0,183.0,Normal
819,191.0,198.0,205.0,183.0,189.0,197.0,175.0,182.0,189.0,Normal
820,168.0,178.0,187.0,167.0,177.0,186.0,164.0,173.0,182.0,Normal
821,178.0,184.0,190.0,175.0,181.0,186.0,161.0,167.0,173.0,Normal
822,186.0,191.0,196.0,174.0,179.0,184.0,159.0,165.0,170.0,Normal
823,166.0,170.0,175.0,165.0,169.0,174.0,163.0,167.0,172.0,Normal
824,189.0,194.0,198.0,177.0,181.0,186.0,162.0,167.0,171.0,Normal
825,194.0,198.0,202.0,184.0,188.0,192.0,166.0,170.0,174.0,Normal
826,175.0,184.0,192.0,166.0,175.0,184.0,153.0,161.0,170.0,Normal
827,164.0,169.0,175.0,158.0,162.0,167.0,151.0,155.0,160.0,Normal
828,202.0,207.0,210.0,198.0,203.0,207.0,191.0,196.0,199.0,Normal
829,198.0,206.0,220.0,189.0,197.0,211.0,177.0,186.0,199.0,Normal
830,197.0,202.0,208.0,191.0,196.0,202.0,181.0,186.0,191.0,Normal
831,208.0,212.0,215.0,201.0,206.0,209.0,192.0,196.0,200.0,Normal
832,190.0,195.0,198.0,183.0,187.0,191.0,178.0,181.0,185.0,Normal
833,171.0,176.0,180.0,168.0,173.0,177.0,154.0,158.0,162.0,Normal
834,183.0,188.0,193.0,173.0,179.0,184.0,157.0,163.0,168.0,Normal
835,211.0,214.0,216.0,210.0,213.0,216.0,205.0,208.0,211.0,Normal
836,197.0,200.0,203.0,192.0,195.0,198.0,180.0,184.0,187.0,Normal
837,170.0,176.0,183.0,168.0,173.0,180.0,155.0,161.0,167.0,Normal
838,165.0,170.0,175.0,163.0,167.0,173.0,157.0,162.0,168.0,Normal
839,171.0,176.0,181.0,165.0,170.0,175.0,149.0,154.0,159.0,Normal
840,186.0,194.0,201.0,174.0,182.0,190.0,163.0,171.0,180.0,Normal
841,200.0,203.0,207.0,197.0,200.0,203.0,186.0,189.0,193.0,Normal
842,207.0,214.0,221.0,202.0,210.0,216.0,199.0,207.0,213.0,Normal
843,128.0,133.0,138.0,127.0,132.0,137.0,124.0,129.0,134.0,Normal
844,147.0,152.0,156.0,140.0,145.0,149.0,136.0,140.0,144.0,Normal
845,177.0,181.0,186.0,176.0,180.0,184.0,172.0,176.0,181.0,Normal
846,180.0,187.0,192.0,171.0,178.0,183.0,165.0,172.0,178.0,Normal
847,173.0,181.0,190.0,170.0,178.0,186.0,163.0,171.0,180.0,Normal
848,188.0,191.0,194.0,181.0,184.0,187.0,173.0,176.0,179.0,Normal
849,200.0,204.0,209.0,197.0,202.0,206.0,193.0,197.0,202.0,Normal
850,191.0,196.0,200.0,181.0,186.0,190.0,167.0,172.0,177.0,Normal
851,191.0,201.0,210.0,190.0,199.0,208.0,187.0,197.0,206.0,Normal
852,176.0,183.0,190.0,170.0,177.0,183.0,159.0,165.0,171.0,Normal
853,188.0,192.0,196.0,179.0,183.0,186.0,165.0,169.0,173.0,Normal
854,203.0,206.0,210.0,199.0,202.0,206.0,194.0,198.0,201.0,Normal
855,174.0,177.0,181.0,162.0,165.0,169.0,147.0,151.0,154.0,Normal
856,179.0,184.0,188.0,175.0,180.0,185.0,167.0,172.0,176.0,Normal
857,170.0,179.0,187.0,163.0,172.0,180.0,149.0,159.0,167.0,Normal
858,196.0,202.0,208.0,197.0,202.0,209.0,200.0,205.0,211.0,Normal
859,147.0,152.0,156.0,142.0,146.0,151.0,132.0,136.0,140.0,Normal
860,207.0,213.0,218.0,198.0,204.0,210.0,189.0,195.0,200.0,Normal
861,213.0,216.0,218.0,213.0,216.0,218.0,214.0,217.0,219.0,Normal
862,192.0,195.0,197.0,190.0,192.0,195.0,178.0,181.0,183.0,Normal
863,158.0,166.0,177.0,156.0,165.0,175.0,147.0,156.0,165.0,Normal
864,108.0,112.0,117.0,104.0,109.0,114.0,99.0,103.0,108.0,Normal
865,171.0,180.0,190.0,162.0,171.0,181.0,153.0,163.0,173.0,Normal
866,149.0,156.0,163.0,142.0,150.0,156.0,129.0,137.0,143.0,Normal
867,196.0,201.0,204.0,195.0,200.0,203.0,196.0,200.0,204.0,Normal
868,150.0,152.0,153.0,148.0,150.0,152.0,148.0,150.0,152.0,Normal
869,177.0,186.0,193.0,172.0,181.0,187.0,162.0,170.0,176.0,Normal
870,171.0,177.0,183.0,166.0,172.0,179.0,159.0,165.0,171.0,Normal
871,178.0,183.0,188.0,172.0,177.0,182.0,159.0,164.0,170.0,Normal
872,173.0,178.0,183.0,171.0,175.0,180.0,167.0,172.0,177.0,Normal
873,171.0,176.0,182.0,167.0,172.0,178.0,163.0,169.0,175.0,Normal
874,168.0,172.0,177.0,165.0,170.0,174.0,152.0,157.0,162.0,Normal
875,172.0,178.0,183.0,163.0,169.0,174.0,158.0,164.0,169.0,Normal
876,205.0,213.0,220.0,201.0,209.0,216.0,198.0,206.0,213.0,Normal
877,192.0,196.0,199.0,189.0,192.0,195.0,188.0,191.0,194.0,Normal
878,162.0,167.0,171.0,159.0,164.0,168.0,156.0,160.0,164.0,Normal
879,179.0,183.0,187.0,170.0,174.0,178.0,160.0,164.0,168.0,Normal
880,202.0,206.0,210.0,198.0,202.0,205.0,188.0,192.0,195.0,Normal
881,209.0,214.0,218.0,201.0,205.0,209.0,192.0,197.0,201.0,Normal
882,179.0,185.0,189.0,174.0,179.0,184.0,169.0,174.0,179.0,Normal
883,179.0,184.0,189.0,177.0,181.0,186.0,171.0,176.0,181.0,Normal
884,208.0,211.0,215.0,197.0,201.0,205.0,179.0,183.0,187.0,Normal
885,192.0,197.0,202.0,187.0,192.0,197.0,182.0,187.0,192.0,Normal
886,213.0,216.0,218.0,208.0,211.0,214.0,197.0,200.0,203.0,Normal
887,191.0,196.0,200.0,180.0,184.0,188.0,166.0,170.0,174.0,Normal
888,200.0,205.0,209.0,195.0,200.0,204.0,185.0,189.0,194.0,Normal
889,208.0,211.0,214.0,208.0,211.0,214.0,209.0,213.0,216.0,Normal
890,141.0,144.0,147.0,131.0,134.0,137.0,120.0,123.0,126.0,Normal
891,122.0,126.0,129.0,120.0,124.0,127.0,112.0,116.0,120.0,Normal
892,141.0,145.0,148.0,146.0,149.0,152.0,147.0,150.0,153.0,Normal
893,175.0,180.0,186.0,167.0,172.0,178.0,156.0,161.0,166.0,Normal
894,192.0,200.0,208.0,186.0,195.0,203.0,181.0,189.0,197.0,Normal
895,177.0,182.0,185.0,174.0,178.0,182.0,164.0,168.0,171.0,Normal
896,192.0,196.0,199.0,190.0,194.0,197.0,186.0,189.0,193.0,Normal
897,191.0,194.0,197.0,187.0,190.0,194.0,185.0,189.0,192.0,Normal
898,160.0,164.0,169.0,159.0,163.0,168.0,157.0,161.0,166.0,Normal
899,177.0,184.0,193.0,173.0,180.0,189.0,167.0,175.0,184.0,Normal
900,189.0,193.0,197.0,183.0,188.0,191.0,177.0,182.0,185.0,Normal
901,211.0,214.0,217.0,208.0,211.0,214.0,201.0,204.0,207.0,Normal
902,174.0,180.0,185.0,164.0,170.0,176.0,149.0,155.0,161.0,Normal
903,163.0,168.0,173.0,158.0,163.0,168.0,154.0,160.0,165.0,Normal
904,158.0,167.0,177.0,156.0,165.0,175.0,153.0,162.0,171.0,Normal
905,170.0,173.0,177.0,166.0,169.0,173.0,150.0,154.0,157.0,Normal
906,171.0,177.0,183.0,166.0,172.0,178.0,162.0,168.0,173.0,Normal
907,164.0,168.0,173.0,152.0,157.0,161.0,147.0,151.0,156.0,Normal
908,188.0,191.0,195.0,188.0,191.0,194.0,184.0,187.0,191.0,Normal
909,167.0,171.0,175.0,164.0,169.0,172.0,158.0,162.0,166.0,Normal
910,174.0,181.0,186.0,171.0,177.0,183.0,163.0,169.0,174.0,Normal
911,178.0,184.0,189.0,173.0,180.0,185.0,168.0,175.0,180.0,Normal
912,140.0,142.0,145.0,137.0,139.0,142.0,137.0,140.0,142.0,Normal
913,170.0,175.0,180.0,159.0,164.0,169.0,149.0,155.0,160.0,Normal
914,192.0,197.0,201.0,187.0,191.0,195.0,176.0,180.0,184.0,Normal
915,155.0,163.0,171.0,151.0,158.0,166.0,142.0,150.0,157.0,Normal
916,187.0,193.0,197.0,178.0,183.0,188.0,164.0,169.0,174.0,Normal
917,169.0,177.0,184.0,168.0,176.0,184.0,167.0,175.0,182.0,Normal
918,185.0,192.0,197.0,173.0,179.0,185.0,157.0,163.0,168.0,Normal
919,168.0,171.0,175.0,162.0,165.0,169.0,150.0,153.0,157.0,Normal
920,208.0,212.0,215.0,205.0,209.0,212.0,200.0,204.0,207.0,Normal
921,186.0,193.0,198.0,175.0,181.0,186.0,159.0,165.0,170.0,Normal
922,197.0,201.0,204.0,192.0,195.0,198.0,186.0,190.0,193.0,Normal
923,208.0,214.0,219.0,207.0,213.0,217.0,205.0,211.0,215.0,Normal
924,120.0,123.0,126.0,116.0,120.0,123.0,103.0,106.0,109.0,Normal
925,194.0,202.0,207.0,193.0,201.0,206.0,193.0,200.0,205.0,Normal
926,127.0,130.0,134.0,122.0,126.0,129.0,114.0,118.0,121.0,Normal
927,220.0,223.0,225.0,209.0,212.0,215.0,196.0,199.0,202.0,Normal
928,187.0,192.0,197.0,179.0,184.0,189.0,164.0,170.0,175.0,Normal
929,200.0,207.0,215.0,190.0,198.0,206.0,179.0,187.0,195.0,Normal
930,209.0,213.0,217.0,199.0,203.0,207.0,187.0,191.0,195.0,Normal
931,96.0,100.0,104.0,96.0,100.0,103.0,92.0,95.0,99.0,Normal
932,192.0,196.0,199.0,184.0,188.0,191.0,168.0,172.0,176.0,Normal
933,123.0,139.0,156.0,122.0,137.0,151.0,118.0,131.0,143.0,Normal
934,211.0,214.0,217.0,207.0,210.0,213.0,197.0,202.0,206.0,Normal
935,216.0,219.0,221.0,215.0,217.0,220.0,209.0,211.0,213.0,Normal
936,205.0,211.0,216.0,200.0,206.0,211.0,196.0,201.0,206.0,Normal
937,154.0,160.0,165.0,151.0,156.0,161.0,146.0,152.0,157.0,Normal
938,188.0,192.0,195.0,185.0,189.0,193.0,177.0,181.0,185.0,Normal
939,185.0,190.0,194.0,176.0,180.0,184.0,164.0,169.0,173.0,Normal
940,155.0,165.0,174.0,147.0,157.0,166.0,135.0,144.0,153.0,Normal
941,145.0,152.0,158.0,142.0,148.0,153.0,131.0,137.0,142.0,Normal
942,207.0,213.0,219.0,202.0,208.0,214.0,192.0,198.0,204.0,Normal
943,198.0,203.0,207.0,191.0,195.0,199.0,179.0,183.0,186.0,Normal
944,220.0,223.0,225.0,220.0,222.0,224.0,215.0,218.0,220.0,Normal
945,142.0,146.0,149.0,134.0,138.0,141.0,124.0,127.0,131.0,Normal
946,104.0,110.0,115.0,104.0,109.0,115.0,98.0,104.0,109.0,Normal
947,175.0,181.0,185.0,174.0,179.0,184.0,172.0,177.0,182.0,Normal
948,201.0,204.0,208.0,193.0,196.0,199.0,185.0,189.0,192.0,Normal
949,195.0,199.0,204.0,187.0,191.0,196.0,173.0,177.0,181.0,Normal
950,183.0,189.0,194.0,182.0,187.0,192.0,174.0,179.0,183.0,Normal
951,167.0,171.0,176.0,166.0,171.0,175.0,161.0,165.0,170.0,Normal
952,174.0,179.0,184.0,168.0,174.0,179.0,157.0,162.0,167.0,Normal
953,220.0,224.0,227.0,217.0,220.0,224.0,201.0,205.0,208.0,Normal
954,171.0,175.0,179.0,167.0,171.0,175.0,165.0,169.0,173.0,Normal
955,206.0,210.0,214.0,194.0,198.0,202.0,179.0,183.0,187.0,Normal
956,173.0,179.0,186.0,169.0,175.0,182.0,164.0,171.0,177.0,Normal
957,186.0,191.0,194.0,181.0,185.0,189.0,170.0,174.0,178.0,Normal
958,170.0,181.0,192.0,166.0,178.0,189.0,164.0,176.0,187.0,Normal
959,167.0,173.0,179.0,161.0,167.0,173.0,152.0,158.0,164.0,Normal
960,156.0,160.0,164.0,153.0,157.0,161.0,149.0,153.0,157.0,Normal
961,190.0,194.0,198.0,187.0,191.0,195.0,186.0,190.0,194.0,Normal
962,169.0,174.0,178.0,160.0,164.0,169.0,149.0,153.0,158.0,Normal
963,203.0,206.0,210.0,200.0,203.0,206.0,194.0,197.0,200.0,Normal
964,193.0,199.0,204.0,185.0,191.0,196.0,175.0,181.0,186.0,Normal
965,157.0,161.0,166.0,152.0,156.0,160.0,139.0,144.0,148.0,Normal
966,170.0,176.0,183.0,163.0,168.0,175.0,153.0,159.0,165.0,Normal
967,207.0,210.0,214.0,196.0,199.0,203.0,185.0,189.0,193.0,Normal
968,187.0,193.0,198.0,177.0,183.0,188.0,169.0,174.0,178.0,Normal
969,199.0,202.0,204.0,190.0,193.0,196.0,179.0,181.0,184.0,Normal
970,185.0,191.0,196.0,173.0,179.0,184.0,155.0,160.0,165.0,Normal
971,199.0,203.0,206.0,188.0,191.0,193.0,169.0,172.0,175.0,Normal
972,193.0,199.0,203.0,186.0,191.0,196.0,176.0,182.0,187.0,Normal
973,185.0,190.0,194.0,176.0,181.0,185.0,160.0,164.0,168.0,Normal
974,189.0,195.0,201.0,183.0,189.0,194.0,174.0,180.0,185.0,Normal
975,205.0,209.0,214.0,200.0,205.0,209.0,196.0,201.0,205.0,Normal
976,200.0,204.0,209.0,192.0,196.0,201.0,183.0,187.0,191.0,Normal
977,202.0,206.0,209.0,204.0,207.0,211.0,199.0,202.0,206.0,Normal
978,187.0,191.0,194.0,179.0,183.0,186.0,168.0,172.0,175.0,Normal
979,176.0,180.0,184.0,172.0,176.0,180.0,170.0,174.0,178.0,Normal
980,189.0,194.0,199.0,179.0,185.0,189.0,166.0,172.0,177.0,Normal
981,135.0,145.0,157.0,134.0,143.0,153.0,121.0,129.0,138.0,Normal
982,213.0,218.0,222.0,202.0,207.0,211.0,188.0,193.0,198.0,Normal
983,164.0,169.0,174.0,159.0,163.0,167.0,149.0,152.0,156.0,Normal
984,187.0,191.0,194.0,184.0,187.0,190.0,176.0,180.0,183.0,Normal
985,140.0,143.0,146.0,132.0,134.0,137.0,120.0,123.0,126.0,Normal
986,201.0,205.0,209.0,197.0,201.0,205.0,191.0,195.0,199.0,Normal
987,215.0,219.0,222.0,210.0,214.0,217.0,207.0,210.0,214.0,Normal
988,182.0,190.0,199.0,180.0,189.0,198.0,179.0,188.0,197.0,Normal
989,194.0,200.0,206.0,189.0,194.0,200.0,177.0,183.0,189.0,Normal
990,170.0,175.0,180.0,167.0,172.0,177.0,163.0,168.0,173.0,Normal
991,164.0,169.0,173.0,163.0,167.0,171.0,161.0,166.0,170.0,Normal
992,159.0,164.0,169.0,157.0,162.0,167.0,150.0,155.0,160.0,Normal
993,167.0,173.0,179.0,157.0,163.0,169.0,146.0,152.0,159.0,Normal
994,214.0,217.0,220.0,215.0,218.0,221.0,204.0,207.0,211.0,Normal
995,177.0,183.0,187.0,174.0,180.0,185.0,164.0,170.0,174.0,Normal
996,185.0,192.0,199.0,181.0,188.0,195.0,179.0,186.0,193.0,Normal
997,163.0,168.0,173.0,160.0,165.0,170.0,146.0,151.0,155.0,Normal
998,197.0,202.0,206.0,191.0,196.0,202.0,185.0,190.0,195.0,Normal
999,142.0,146.0,150.0,140.0,144.0,148.0,128.0,132.0,136.0,Normal
